"","state","date","week","pos_test","neg_test","test","residential","work","retail_rec","grocery_pharmacy","parks","transit"
"1","Alabama",2020-03-04,10,0,0,0,-0.855072463768116,3.02898550724638,10.695652173913,7.72463768115942,29.9710144927536,9.39130434782609
"2","Alabama",2020-03-11,11,36,28,64,0.768115942028985,-1.14492753623188,3.50724637681159,22.2753623188406,24.1159420289855,6.63768115942029
"3","Alabama",2020-03-18,12,179,2078,2257,10.3380281690141,-24.5633802816901,-27.1267605633803,7.57746478873239,6.73239436619718,-11.9718309859155
"4","Alabama",2020-03-25,13,766,4192,4958,13.3384615384615,-34.1230769230769,-35.0461538461538,-6.26153846153846,11.3846153846154,-21.3384615384615
"5","Alabama",2020-04-01,14,1138,6499,7637,15.0571428571429,-37.8571428571429,-37.7,-2.1,-3.22857142857143,-26.6857142857143
"6","Alabama",2020-04-08,15,1757,16444,18201,16.056338028169,-41.9718309859155,-40.8028169014084,-12.1408450704225,-12.6901408450704,-31.8591549295775
"7","Alabama",2020-04-15,16,1355,14054,15409,14.46875,-37.125,-31.109375,-8.828125,-4.21875,-26.484375
"8","Alabama",2020-04-22,17,1456,25845,27301,14.1846153846154,-36.3846153846154,-29.0615384615385,-6.58461538461538,3.06153846153846,-23.0615384615385
"9","Alabama",2020-04-29,18,1598,29341,30939,10.8412698412698,-33.5396825396825,-18.7142857142857,2.61904761904762,14.3015873015873,-15.2539682539683
"10","Alabama",2020-05-06,19,2025,24427,26452,10.1967213114754,-30.4754098360656,-16.5081967213115,8.62295081967213,19.672131147541,-10.0655737704918
"11","Alabama",2020-05-13,20,2066,22282,24348,10.7333333333333,-30.8666666666667,-8.73333333333333,4.13333333333333,29.7333333333333,-7.53333333333333
"12","Alaska",2020-03-04,10,0,23,23,0.142857142857143,-0.142857142857143,10.7142857142857,7.42857142857143,9.78571428571429,6.71428571428571
"13","Alaska",2020-03-11,11,3,311,314,2.35714285714286,-7.35714285714286,5.92857142857143,16.5,24.0714285714286,0.428571428571429
"14","Alaska",2020-03-18,12,33,652,685,10.6428571428571,-25.0714285714286,-28.6428571428571,2.21428571428571,20.6428571428571,-22.7857142857143
"15","Alaska",2020-03-25,13,83,2608,2691,17,-42,-43.2142857142857,-16,19.3571428571429,-46.7142857142857
"16","Alaska",2020-04-01,14,94,3106,3200,17.7142857142857,-44.0714285714286,-41.3571428571429,-12.7857142857143,11.7857142857143,-47.5714285714286
"17","Alaska",2020-04-08,15,72,1363,1435,17.3571428571429,-44.2857142857143,-42.7142857142857,-14.2142857142857,16.4285714285714,-51.2142857142857
"18","Alaska",2020-04-15,16,44,2727,2771,16.0714285714286,-40.4285714285714,-31.5,-8.92857142857143,21.7142857142857,-47.4285714285714
"19","Alaska",2020-04-22,17,22,5948,5970,14.2307692307692,-38.1538461538462,-26.1538461538462,-7,60.7692307692308,-43.8461538461538
"20","Alaska",2020-04-29,18,20,5583,5603,10.7142857142857,-34.7857142857143,-15.5,2.35714285714286,83.2857142857143,-37.5
"21","Alaska",2020-05-06,19,12,7257,7269,10.8461538461538,-32.4615384615385,-10.3076923076923,8.15384615384615,102.846153846154,-34.0769230769231
"22","Alaska",2020-05-13,20,16,6403,6419,11.75,-33.75,-4,5,131.25,-30.5
"23","Arizona",2020-03-04,10,6,51,57,-1.22222222222222,0.851851851851852,10.6172839506173,8.7283950617284,25.1481481481481,10.037037037037
"24","Arizona",2020-03-11,11,14,91,105,1.66666666666667,-7.59259259259259,6.16049382716049,16.7530864197531,10.1111111111111,5.45679012345679
"25","Arizona",2020-03-18,12,337,171,508,9.70886075949367,-27.5443037974684,-23.873417721519,4.30379746835443,-8.77215189873418,-10.8481012658228
"26","Arizona",2020-03-25,13,932,17769,18701,12.9625,-35.6,-35.95,-12.6125,-15.15,-25.1
"27","Arizona",2020-04-01,14,1286,12718,14004,14.1392405063291,-39.8987341772152,-38.9240506329114,-15.2151898734177,-22.3924050632911,-30.253164556962
"28","Arizona",2020-04-08,15,1231,9490,10721,14.9375,-42.675,-42.0625,-17.475,-28.9875,-33.6625
"29","Arizona",2020-04-15,16,1445,9611,11056,14.0125,-39.4,-34.475,-15.4,-16.15,-27.4375
"30","Arizona",2020-04-22,17,1697,10589,12286,13.5375,-39.1625,-32.6625,-12.8,-11.375,-25.65
"31","Arizona",2020-04-29,18,2357,18465,20822,11.1518987341772,-37.4810126582278,-27.5569620253165,-7.11392405063291,-13.3670886075949,-23.2025316455696
"32","Arizona",2020-05-06,19,2431,32151,34582,11.3670886075949,-34.6455696202532,-24.2151898734177,-0.873417721518987,-5.35443037974684,-21.1772151898734
"33","Arizona",2020-05-13,20,2830,35899,38729,11.7391304347826,-36.1739130434783,-20.2608695652174,-2.91304347826087,-1.73913043478261,-17.6521739130435
"34","Arkansas",2020-03-04,10,0,12,12,-1.0625,2.96875,12.25,8.53125,62.4375,2.40625
"35","Arkansas",2020-03-11,11,22,185,207,2.74358974358974,-4.28205128205128,0.58974358974359,16.4615384615385,18.8974358974359,-6.05128205128205
"36","Arkansas",2020-03-18,12,196,750,946,11.1538461538462,-27.2307692307692,-26.5128205128205,1.28205128205128,14.3846153846154,-20.8717948717949
"37","Arkansas",2020-03-25,13,305,5012,5317,13.5151515151515,-35.6060606060606,-33.3030303030303,-12.030303030303,50.6060606060606,-30.030303030303
"38","Arkansas",2020-04-01,14,423,6733,7156,14.5526315789474,-37.7631578947368,-32.4210526315789,-6.47368421052632,22.7368421052632,-33.4473684210526
"39","Arkansas",2020-04-08,15,534,6959,7493,14.2051282051282,-39.6666666666667,-33.4358974358974,-8.35897435897436,33.8461538461538,-35.6410256410256
"40","Arkansas",2020-04-15,16,747,5563,6310,13.4857142857143,-36.4,-24.3428571428571,-5.68571428571429,31.0857142857143,-28.0571428571429
"41","Arkansas",2020-04-22,17,884,12346,13230,13.4594594594595,-35.8648648648649,-22.1621621621622,-3.02702702702703,32.4054054054054,-28.4864864864865
"42","Arkansas",2020-04-29,18,385,13579,13964,10.5454545454545,-35.0606060606061,-14.969696969697,4.57575757575758,63.9090909090909,-26.5454545454545
"43","Arkansas",2020-05-06,19,668,15141,15809,10.3030303030303,-31.969696969697,-11.1212121212121,9.84848484848485,57.4242424242424,-24.7575757575758
"44","Arkansas",2020-05-13,20,759,22498,23257,13.5,-35.5,-12.3,2.2,31.7,-27.7
"45","California",2020-03-04,10,133,690,823,-0.124031007751938,1.35658914728682,4.91472868217054,6.02713178294574,19.3643410852713,0.693798449612403
"46","California",2020-03-11,11,350,7291,7641,4.07169811320755,-7.11698113207547,-3.80754716981132,15.6603773584906,-2.46037735849057,-14.5547169811321
"47","California",2020-03-18,12,1619,5471,7090,15.4761904761905,-36.4945054945055,-35.043956043956,-3.97802197802198,-10.2124542124542,-36.6410256410256
"48","California",2020-03-25,13,5380,8320,13700,18.7383512544803,-44.4623655913978,-43.1146953405018,-18.4516129032258,-23.9498207885305,-45.6057347670251
"49","California",2020-04-01,14,8383,93592,101975,19.0661764705882,-46.5882352941176,-42.3529411764706,-16.3860294117647,-28.8897058823529,-47.6985294117647
"50","California",2020-04-08,15,7473,63506,70979,19.5888888888889,-48.0703703703704,-45.862962962963,-18.9037037037037,-29.1074074074074,-47.3148148148148
"51","California",2020-04-15,16,9923,87969,97892,18.2727272727273,-44.2424242424242,-49.7272727272727,-15.7045454545455,-21.8636363636364,-42.8219696969697
"52","California",2020-04-22,17,11770,265738,277508,17.4656488549618,-43.4618320610687,-51.2022900763359,-12.7328244274809,-13.2824427480916,-40.5114503816794
"53","California",2020-04-29,18,11181,191113,202294,15.0496183206107,-41.5801526717557,-45.587786259542,-8.4618320610687,-9.01908396946565,-37.118320610687
"54","California",2020-05-06,19,13170,240298,253468,14.8167938931298,-39.0534351145038,-43.675572519084,-2.32442748091603,-6.0763358778626,-34.7786259541985
"55","California",2020-05-13,20,12413,293533,305946,17.0921052631579,-43.3289473684211,-42.6710526315789,-7.65789473684211,-10.9078947368421,-36.6184210526316
"56","Colorado",2020-03-04,10,12,142,154,-1.08247422680412,3.17525773195876,7.69072164948454,10.2577319587629,40.5051546391753,7.02061855670103
"57","Colorado",2020-03-11,11,148,914,1062,3.18181818181818,-6.25252525252525,-1.91919191919192,19.5353535353535,18.3939393939394,-5.22222222222222
"58","Colorado",2020-03-18,12,560,4448,5008,16.0707070707071,-38.6060606060606,-35.8484848484849,-2.04040404040404,-1.09090909090909,-31.9393939393939
"59","Colorado",2020-03-25,13,1907,7233,9140,19.3510638297872,-47.5957446808511,-45.2553191489362,-19.7234042553191,3.79787234042553,-41.1808510638298
"60","Colorado",2020-04-01,14,2545,8966,11511,19.9021739130435,-49.7173913043478,-43.8369565217391,-19.5217391304348,3.20652173913043,-41.9239130434783
"61","Colorado",2020-04-08,15,2519,9348,11867,19.6516853932584,-51.1910112359551,-46.5056179775281,-20.8426966292135,1.07865168539326,-42.9438202247191
"62","Colorado",2020-04-15,16,2415,6309,8724,19.8837209302326,-48.1395348837209,-41.7209302325581,-21.093023255814,-6.53488372093023,-41.5581395348837
"63","Colorado",2020-04-22,17,3773,15102,18875,17.8888888888889,-46.6333333333333,-36.6,-16.2555555555556,24.7777777777778,-36.9111111111111
"64","Colorado",2020-04-29,18,3028,15635,18663,14.6292134831461,-43.8539325842697,-30.2921348314607,-9.02247191011236,38.6179775280899,-32.1460674157303
"65","Colorado",2020-05-06,19,2972,20681,23653,14.5681818181818,-40.5795454545455,-26.7840909090909,-2.35227272727273,35.1590909090909,-28.8068181818182
"66","Colorado",2020-05-13,20,2323,20353,22676,16.36,-44.72,-24.96,-5.56,48.84,-27.52
"67","Connecticut",2020-03-04,10,2,54,56,-0.58,2.58,6.94,5.26,36.86,1.2
"68","Connecticut",2020-03-11,11,39,71,110,3.45098039215686,-5.96078431372549,-0.980392156862745,19.5294117647059,33.0980392156863,-13.8627450980392
"69","Connecticut",2020-03-18,12,577,4557,5134,15,-33.2745098039216,-34.9803921568627,-0.980392156862745,17.7254901960784,-39.4313725490196
"70","Connecticut",2020-03-25,13,2510,8347,10857,19.1224489795918,-43.9591836734694,-44.5102040816327,-18.4897959183673,14.3265306122449,-51.5918367346939
"71","Connecticut",2020-04-01,14,4653,8226,12879,20.1489361702128,-46.8936170212766,-43.2978723404255,-14.5106382978723,21.1702127659574,-53.8297872340426
"72","Connecticut",2020-04-08,15,6208,10597,16805,21.8260869565217,-51.7173913043478,-47.9565217391304,-21.1086956521739,1.89130434782609,-55.5652173913044
"73","Connecticut",2020-04-15,16,6371,11980,18351,19.6666666666667,-46.2380952380952,-38.8095238095238,-17.047619047619,21.2142857142857,-53.1666666666667
"74","Connecticut",2020-04-22,17,5952,22601,28553,20.6190476190476,-46.6428571428571,-41.7619047619048,-20.5238095238095,-3.92857142857143,-51.8095238095238
"75","Connecticut",2020-04-29,18,4309,11589,15898,17.2105263157895,-43.6315789473684,-30.8421052631579,-12.0263157894737,46.6052631578947,-45.6578947368421
"76","Connecticut",2020-05-06,19,3712,26069,29781,16.390243902439,-40.3658536585366,-29.7073170731707,-6.17073170731707,33.8780487804878,-43.5121951219512
"77","Connecticut",2020-05-13,20,4097,42999,47096,18,-45.1818181818182,-26.2727272727273,-9.09090909090909,49.5454545454545,-40.1818181818182
"78","Delaware",2020-03-04,10,0,17,17,-0.695652173913043,2.60869565217391,9.04347826086956,4.21739130434783,35.2173913043478,7.04347826086957
"79","Delaware",2020-03-11,11,16,19,35,1.95652173913043,-3.60869565217391,4.78260869565217,12.7826086956522,33.7826086956522,-3.34782608695652
"80","Delaware",2020-03-18,12,75,0,75,12.16,-28.64,-26.92,-1.68,23.32,-31.72
"81","Delaware",2020-03-25,13,228,3660,3888,17.0833333333333,-40.125,-42.9583333333333,-23.875,-0.875,-45.5
"82","Delaware",2020-04-01,14,609,3932,4541,17.4,-42.52,-40.08,-20.48,5.52,-43.48
"83","Delaware",2020-04-08,15,833,2915,3748,18.5555555555556,-47.2962962962963,-43.8518518518519,-23.9259259259259,-2,-46.5925925925926
"84","Delaware",2020-04-15,16,1170,3182,4352,17.56,-42.92,-37.08,-18.64,-4.36,-43.04
"85","Delaware",2020-04-22,17,1644,2880,4524,17.84,-43.08,-36.6,-18.08,-14.12,-42.28
"86","Delaware",2020-04-29,18,796,2704,3500,15.3809523809524,-40.7619047619048,-31.2380952380952,-13.047619047619,15.1904761904762,-34.0952380952381
"87","Delaware",2020-05-06,19,1370,7241,8611,15.304347826087,-38.3913043478261,-28.1739130434783,-7.21739130434783,1.65217391304348,-33.304347826087
"88","Delaware",2020-05-13,20,1296,9545,10841,16.1666666666667,-40.6666666666667,-24.5,-7,25.5,-30.6666666666667
"89","District of Columbia",2020-03-04,10,5,17,22,-0.285714285714286,1,7.14285714285714,2.85714285714286,11.7142857142857,3.42857142857143
"90","District of Columbia",2020-03-11,11,17,87,104,5.14285714285714,-13.7142857142857,-15,4,-13,-21.2857142857143
"91","District of Columbia",2020-03-18,12,115,1091,1206,19.4285714285714,-52.1428571428571,-51.4285714285714,-15.7142857142857,-28.2857142857143,-62
"92","District of Columbia",2020-03-25,13,358,2067,2425,23.4285714285714,-60,-60.2857142857143,-27.5714285714286,-51.1428571428571,-71.2857142857143
"93","District of Columbia",2020-04-01,14,716,3350,4066,24.8571428571429,-63,-61.8571428571429,-29.5714285714286,-58.2857142857143,-74.4285714285714
"94","District of Columbia",2020-04-08,15,847,2614,3461,25.5714285714286,-64.7142857142857,-66,-35,-65,-75.8571428571429
"95","District of Columbia",2020-04-15,16,1040,2615,3655,25.1428571428571,-62.8571428571429,-64.2857142857143,-31.8571428571429,-59,-75.2857142857143
"96","District of Columbia",2020-04-22,17,896,3050,3946,25.1428571428571,-63.4285714285714,-64.7142857142857,-33.5714285714286,-63.5714285714286,-75.5714285714286
"97","District of Columbia",2020-04-29,18,1328,4116,5444,22.5714285714286,-60.8571428571429,-61.1428571428571,-27.5714285714286,-53.5714285714286,-73.8571428571429
"98","District of Columbia",2020-05-06,19,1163,5558,6721,23.1428571428571,-60,-60.5714285714286,-25.7142857142857,-58.1428571428571,-73.1428571428571
"99","District of Columbia",2020-05-13,20,949,7375,8324,26,-66.5,-58,-25.5,-48.5,-74.5
"100","Florida",2020-03-04,10,19,222,241,-0.149019607843137,1.30980392156863,6.9921568627451,6.18039215686275,11.4156862745098,6.18039215686275
"101","Florida",2020-03-11,11,167,718,885,1.564,-4.3,2.564,14.16,20.028,0.244
"102","Florida",2020-03-18,12,1226,12187,13413,10.2569169960474,-26.9051383399209,-26.6086956521739,2.43873517786561,-6.53359683794466,-25.00395256917
"103","Florida",2020-03-25,13,4926,41158,46084,14.8730158730159,-37.765873015873,-41.3928571428571,-16.4563492063492,-30.047619047619,-41.7777777777778
"104","Florida",2020-04-01,14,8409,69130,77539,16.8064516129032,-42.8024193548387,-45.1290322580645,-19.116935483871,-43.0806451612903,-47.2096774193548
"105","Florida",2020-04-08,15,6620,58398,65018,17.5421686746988,-45.9518072289157,-48.9678714859438,-24.4658634538153,-42.9598393574297,-49.6987951807229
"106","Florida",2020-04-15,16,6128,67751,73879,16.9183673469388,-42.6163265306122,-44.1591836734694,-21.5959183673469,-44.7918367346939,-47.6530612244898
"107","Florida",2020-04-22,17,5351,84465,89816,16.2107438016529,-41.7685950413223,-42.0909090909091,-19.5371900826446,-36.9752066115703,-45.1446280991736
"108","Florida",2020-04-29,18,4593,94223,98816,13.4439834024896,-38.7510373443983,-35.9460580912863,-13.8589211618257,-23.2572614107884,-38.7427385892116
"109","Florida",2020-05-06,19,4484,109429,113913,12.2798353909465,-34.8353909465021,-29.6460905349794,-8.8559670781893,-15.2222222222222,-33.7119341563786
"110","Florida",2020-05-13,20,5021,131230,136251,13.1594202898551,-35.5072463768116,-26.536231884058,-11,-10.6376811594203,-30.1594202898551
"111","Georgia",2020-03-04,10,15,0,15,-0.333333333333333,1.21138211382114,8.28455284552846,5.79674796747967,20.260162601626,5.01626016260163
"112","Georgia",2020-03-11,11,129,0,129,1.64615384615385,-4.91538461538462,1.89230769230769,18.3230769230769,23.8846153846154,0.653846153846154
"113","Georgia",2020-03-18,12,880,4458,5338,11.4015748031496,-27.6456692913386,-26.0551181102362,4.14173228346457,7.14173228346457,-20.992125984252
"114","Georgia",2020-03-25,13,2903,7794,10697,15.392,-39.064,-37.024,-9.408,0.784,-32.448
"115","Georgia",2020-04-01,14,4889,12643,17532,17.3700787401575,-43.9291338582677,-38.9763779527559,-6.7244094488189,-15.5433070866142,-38.0314960629921
"116","Georgia",2020-04-08,15,5405,22677,28082,18.3095238095238,-47.7936507936508,-42.4285714285714,-14.7142857142857,-13.7698412698413,-40.5952380952381
"117","Georgia",2020-04-15,16,5658,20687,26345,16.9160305343511,-43.2900763358779,-33.1832061068702,-10.9007633587786,-9.11450381679389,-38.1374045801527
"118","Georgia",2020-04-22,17,4734,47146,51880,16.3779527559055,-41.5590551181102,-30.7795275590551,-9.41732283464567,-0.0866141732283465,-34.6141732283465
"119","Georgia",2020-04-29,18,5096,55767,60863,13.3934426229508,-38.8114754098361,-20.8032786885246,-1.59016393442623,12.6393442622951,-27.2786885245902
"120","Georgia",2020-05-06,19,4924,56372,61296,12.4596774193548,-35.8306451612903,-17.1290322580645,3.08870967741935,15.0645161290323,-25.3790322580645
"121","Georgia",2020-05-13,20,4086,111891,115977,14.1111111111111,-38.5,-13.6944444444444,0.75,26.1944444444444,-22.3333333333333
"122","Hawaii",2020-03-04,10,1,0,1,0.393939393939394,0.818181818181818,0.727272727272727,2.60606060606061,-0.121212121212121,-2.72727272727273
"123","Hawaii",2020-03-11,11,8,0,8,2.42424242424242,-4.24242424242424,-4.27272727272727,3.6969696969697,-7.48484848484848,-6.39393939393939
"124","Hawaii",2020-03-18,12,67,3589,3656,12.6969696969697,-28.1515151515152,-31.2121212121212,-9.03030303030303,-38.7878787878788,-35.2727272727273
"125","Hawaii",2020-03-25,13,127,4882,5009,20.2727272727273,-45.0606060606061,-54.1818181818182,-32.7272727272727,-69,-68.4545454545455
"126","Hawaii",2020-04-01,14,183,4684,4867,20.3030303030303,-47.2121212121212,-54.1212121212121,-30.3636363636364,-68.3939393939394,-75.6969696969697
"127","Hawaii",2020-04-08,15,117,5761,5878,20.9375,-50.25,-57.5625,-33.28125,-70.1875,-76.96875
"128","Hawaii",2020-04-15,16,80,5196,5276,20.2121212121212,-46.8787878787879,-57.1212121212121,-34.7878787878788,-67.5151515151515,-76.1212121212121
"129","Hawaii",2020-04-22,17,23,4464,4487,19.8181818181818,-46.0606060606061,-55.8181818181818,-34.1515151515151,-65.6363636363636,-75.3030303030303
"130","Hawaii",2020-04-29,18,14,4802,4816,16.9393939393939,-43.7575757575758,-52.9090909090909,-29.8787878787879,-61.8484848484849,-73.5757575757576
"131","Hawaii",2020-05-06,19,13,3927,3940,16.969696969697,-41.1515151515151,-50.5757575757576,-25.6060606060606,-57.5454545454545,-72.6060606060606
"132","Hawaii",2020-05-13,20,6,7078,7084,18,-40,-49.9,-28.8,-58.1,-71.6
"133","Idaho",2020-03-04,10,0,41,41,-1.225,3.925,9.675,11.825,44.25,8.75
"134","Idaho",2020-03-11,11,7,305,312,0.815789473684211,-0.736842105263158,3.26315789473684,25.2105263157895,43.7631578947368,4.21052631578947
"135","Idaho",2020-03-18,12,43,1541,1584,8.42105263157895,-24.1315789473684,-19.7368421052632,9.97368421052632,83.7105263157895,-9.81578947368421
"136","Idaho",2020-03-25,13,365,3410,3775,14.025641025641,-38.3846153846154,-38.1538461538462,-9.43589743589744,21.8717948717949,-24.2820512820513
"137","Idaho",2020-04-01,14,755,4779,5534,15.2926829268293,-42.3658536585366,-38.4634146341463,-10.1707317073171,27.3414634146341,-27.1463414634146
"138","Idaho",2020-04-08,15,283,3585,3868,13.6944444444444,-42.2777777777778,-37.5277777777778,-7.05555555555556,76.5,-27.4722222222222
"139","Idaho",2020-04-15,16,283,2263,2546,13.7096774193548,-39.7096774193548,-27.7096774193548,-5.48387096774194,82.5806451612903,-25.7741935483871
"140","Idaho",2020-04-22,17,181,2211,2392,12.5483870967742,-37.7741935483871,-25.9677419354839,-2.96774193548387,83.4516129032258,-20.258064516129
"141","Idaho",2020-04-29,18,189,10067,10256,9.64285714285714,-35,-18.5714285714286,2.5,116.392857142857,-14.3571428571429
"142","Idaho",2020-05-06,19,154,2243,2397,8.96,-32.52,-14.36,11.84,118.4,-9.04
"143","Idaho",2020-05-13,20,195,5169,5364,12,-35.3333333333333,-12.7777777777778,6.77777777777778,80.5555555555556,-10.8888888888889
"144","Illinois",2020-03-04,10,19,244,263,-1.13725490196078,2.87254901960784,9.76470588235294,9.87254901960784,48.4803921568627,6.50980392156863
"145","Illinois",2020-03-11,11,140,1096,1236,2.13888888888889,-3.83333333333333,0.675925925925926,28.712962962963,10.3240740740741,-5.65740740740741
"146","Illinois",2020-03-18,12,1376,8594,9970,14.8108108108108,-35.009009009009,-40.6126126126126,5.03603603603604,-13.7747747747748,-32.4324324324324
"147","Illinois",2020-03-25,13,4459,19297,23756,18.7962962962963,-45.5833333333333,-47.7037037037037,-14.5185185185185,2.43518518518519,-40.6944444444444
"148","Illinois",2020-04-01,14,7555,25952,33507,18.3518518518519,-46.4722222222222,-44.5,-8.71296296296296,21.4351851851852,-37.6388888888889
"149","Illinois",2020-04-08,15,9698,32186,41884,18.9158878504673,-49.4579439252336,-46.6542056074766,-9.49532710280374,13.4766355140187,-38.7289719626168
"150","Illinois",2020-04-15,16,9812,34569,44381,18.3240740740741,-45.3055555555556,-40.537037037037,-9.17592592592593,13.0092592592593,-35.8888888888889
"151","Illinois",2020-04-22,17,15043,72149,87192,17.9320388349515,-44.7087378640777,-39.0097087378641,-8.77669902912621,17.4368932038835,-34.4563106796116
"152","Illinois",2020-04-29,18,17860,86237,104097,15.7272727272727,-43.4040404040404,-33.8181818181818,-3.62626262626263,41.2828282828283,-30.5555555555556
"153","Illinois",2020-05-06,19,17059,108346,125405,15.7722772277228,-41.5544554455446,-32.8019801980198,1.4950495049505,27.2574257425743,-29.960396039604
"154","Illinois",2020-05-13,20,15009,134984,149993,18.1538461538462,-46.8846153846154,-31.3076923076923,-3.73076923076923,43.1153846153846,-31.8846153846154
"155","Indiana",2020-03-04,10,5,30,35,-0.96551724137931,2.44827586206897,11.1206896551724,7.08620689655172,42.6724137931034,9.13793103448276
"156","Indiana",2020-03-11,11,24,99,123,2.02739726027397,-3.72602739726027,-0.452054794520548,17.3561643835616,21.2602739726027,3.61643835616438
"157","Indiana",2020-03-18,12,335,2437,2772,11.641975308642,-27.2962962962963,-34,3.16049382716049,5.03703703703704,-13.6172839506173
"158","Indiana",2020-03-25,13,1794,8648,10442,17.2903225806452,-41.5645161290323,-45,-18.3548387096774,15.4677419354839,-29.2741935483871
"159","Indiana",2020-04-01,14,3348,12043,15391,16.6885245901639,-43.2131147540984,-41.5737704918033,-14.3770491803279,47.344262295082,-28.1311475409836
"160","Indiana",2020-04-08,15,3020,14233,17253,18.0606060606061,-47.6060606060606,-44.0606060606061,-15.3484848484848,26.9090909090909,-30.6060606060606
"161","Indiana",2020-04-15,16,3570,17677,21247,18.4266666666667,-44.3866666666667,-36.3733333333333,-11.24,21.0266666666667,-29.3066666666667
"162","Indiana",2020-04-22,17,4491,15426,19917,16.6349206349206,-41.6349206349206,-33.6031746031746,-9.52380952380952,34.6190476190476,-26.2222222222222
"163","Indiana",2020-04-29,18,4445,24208,28653,15.2857142857143,-41.3392857142857,-26.5,-3.66071428571429,50.0357142857143,-19.9285714285714
"164","Indiana",2020-05-06,19,4094,30582,34676,13.9545454545455,-37.1818181818182,-23.0151515151515,1.09090909090909,35.0151515151515,-14.9545454545455
"165","Indiana",2020-05-13,20,3578,35242,38820,14,-37,-15.0909090909091,0.636363636363636,66.0909090909091,-17.3636363636364
"166","Iowa",2020-03-04,10,8,32,40,-1.175,3.5,7.55,17,44.225,-1.175
"167","Iowa",2020-03-11,11,15,51,66,1.25,-2.6875,0.458333333333333,28,20.3333333333333,-3.5625
"168","Iowa",2020-03-18,12,101,2232,2333,12.8510638297872,-29.7021276595745,-38.7234042553191,6.80851063829787,7.91489361702128,-20.4893617021277
"169","Iowa",2020-03-25,13,373,4573,4946,15.974358974359,-37.3333333333333,-44.3846153846154,-7.41025641025641,43.5641025641026,-30.6153846153846
"170","Iowa",2020-04-01,14,551,4782,5333,16.75,-41.075,-42.275,-0.975,54.375,-31.8
"171","Iowa",2020-04-08,15,851,5316,6167,17.047619047619,-44.4523809523809,-48.0476190476191,-9.33333333333333,29.8095238095238,-33.8333333333333
"172","Iowa",2020-04-15,16,1742,6988,8730,17.4186046511628,-41.6279069767442,-39.2558139534884,-2.18604651162791,42.2558139534884,-32.1627906976744
"173","Iowa",2020-04-22,17,2735,9473,12208,15.9428571428571,-41.2857142857143,-34.4571428571429,3.2,90.1714285714286,-27.7142857142857
"174","Iowa",2020-04-29,18,3735,17011,20746,14.09375,-40.8125,-30.46875,8,90.21875,-22.46875
"175","Iowa",2020-05-06,19,2801,17918,20719,14.6060606060606,-38.1818181818182,-28.5757575757576,15.969696969697,63.6666666666667,-21.2424242424242
"176","Iowa",2020-05-13,20,2437,23923,26360,16.4285714285714,-41.8571428571429,-26.4285714285714,12.8571428571429,89.8571428571429,-16.8571428571429
"177","Kansas",2020-03-04,10,1,17,18,-1.72972972972973,4.08108108108108,11.1891891891892,7.2972972972973,63.4324324324324,17.8918918918919
"178","Kansas",2020-03-11,11,14,365,379,2.0952380952381,-6.40476190476191,1.0952380952381,17.8809523809524,27.7380952380952,5.26190476190476
"179","Kansas",2020-03-18,12,83,1704,1787,11.5121951219512,-28,-28.0243902439024,13.2439024390244,33.390243902439,-11.4390243902439
"180","Kansas",2020-03-25,13,330,2910,3240,16.775,-41.45,-42.475,-15.625,64.4,-19.925
"181","Kansas",2020-04-01,14,472,3618,4090,17.5609756097561,-44.8048780487805,-42.5365853658537,-13.4146341463415,40.0731707317073,-21.4878048780488
"182","Kansas",2020-04-08,15,526,4107,4633,17.0277777777778,-46.1388888888889,-40.7777777777778,-13.5,57.1388888888889,-16.1388888888889
"183","Kansas",2020-04-15,16,599,4355,4954,15.1111111111111,-39.5925925925926,-32.1111111111111,-10.9259259259259,42.6296296296296,-18.4814814814815
"184","Kansas",2020-04-22,17,1466,7523,8989,14.1153846153846,-38.7307692307692,-28.9615384615385,-6.61538461538461,63.0384615384615,-15.0769230769231
"185","Kansas",2020-04-29,18,1967,10035,12002,11.4230769230769,-36.8461538461538,-22,-1.23076923076923,79.4230769230769,-6.76923076923077
"186","Kansas",2020-05-06,19,1658,12359,14017,10.8518518518519,-32.8148148148148,-18.4814814814815,5.51851851851852,59.962962962963,-4.48148148148148
"187","Kansas",2020-05-13,20,1224,11657,12881,13.75,-37.25,-19.625,1.25,19.5,-12.125
"188","Kentucky",2020-03-04,10,6,28,34,-0.861111111111111,1.91666666666667,10.1388888888889,12.6111111111111,50.3611111111111,5.38888888888889
"189","Kentucky",2020-03-11,11,16,267,283,2.63414634146341,-4.51219512195122,-1.75609756097561,19.390243902439,14.5609756097561,-3.90243902439024
"190","Kentucky",2020-03-18,12,102,1467,1569,11.825,-28.025,-31.225,5.675,19.975,-20.75
"191","Kentucky",2020-03-25,13,356,4568,4924,15.5555555555556,-40.6666666666667,-38.3333333333333,-8.97222222222222,51.9722222222222,-27.75
"192","Kentucky",2020-04-01,14,528,12617,13145,16.9444444444444,-45.3611111111111,-37.6388888888889,-5.05555555555556,36.1111111111111,-30.3611111111111
"193","Kentucky",2020-04-08,15,1040,5688,6728,17.7179487179487,-47.8717948717949,-42.1282051282051,-10.2564102564103,17.0769230769231,-37.3076923076923
"194","Kentucky",2020-04-15,16,1002,5135,6137,17.1904761904762,-43.9523809523809,-33.8571428571429,-9.47619047619048,21.5714285714286,-34.9523809523809
"195","Kentucky",2020-04-22,17,1096,14883,15979,16.4444444444444,-43.8611111111111,-33.1111111111111,-7.80555555555556,24.6944444444444,-31.7777777777778
"196","Kentucky",2020-04-29,18,1099,10149,11248,14.3823529411765,-42.0882352941176,-26.2352941176471,-0.264705882352941,45.8235294117647,-28.0294117647059
"197","Kentucky",2020-05-06,19,1432,42545,43977,14.7428571428571,-39.7428571428571,-25.8,2.05714285714286,30.6857142857143,-26.2857142857143
"198","Kentucky",2020-05-13,20,1392,48570,49962,15.8,-41.5,-22.6,3.2,35,-25.2
"199","Louisiana",2020-03-04,10,1,11,12,-0.901408450704225,2.46478873239437,10.6056338028169,8.30985915492958,21.8732394366197,6.90140845070423
"200","Louisiana",2020-03-11,11,136,275,411,1.13888888888889,-1.94444444444444,2.77777777777778,21.5555555555556,18.3611111111111,-0.680555555555556
"201","Louisiana",2020-03-18,12,1251,6929,8180,12.4444444444444,-27.7777777777778,-33.6172839506173,4.90123456790123,-15.1358024691358,-27.1234567901235
"202","Louisiana",2020-03-25,13,3849,26515,30364,17.1511627906977,-40.906976744186,-43.593023255814,-15.3023255813953,-19.0813953488372,-36.7558139534884
"203","Louisiana",2020-04-01,14,11047,24641,35688,17.5903614457831,-42.9518072289157,-41.8313253012048,-9.21686746987952,-21.2048192771084,-41.2650602409639
"204","Louisiana",2020-04-08,15,5234,38533,43767,17.7738095238095,-46.2619047619048,-45.5,-13.5238095238095,-22.3690476190476,-44.3214285714286
"205","Louisiana",2020-04-15,16,3336,14684,18020,16.2790697674419,-40.5348837209302,-36.6511627906977,-10.9302325581395,-20.2325581395349,-37.7093023255814
"206","Louisiana",2020-04-22,17,2432,12234,14666,15.2926829268293,-39.280487804878,-32.3658536585366,-7.60975609756098,-9.0609756097561,-34.0853658536585
"207","Louisiana",2020-04-29,18,2710,34413,37123,12.9620253164557,-37.1139240506329,-27.5316455696203,-2.49367088607595,-6.84810126582278,-30.379746835443
"208","Louisiana",2020-05-06,19,2054,37727,39781,12.7236842105263,-34.8947368421053,-25.5789473684211,3.48684210526316,-5.36842105263158,-27.9473684210526
"209","Louisiana",2020-05-13,20,2988,47073,50061,13.8,-37.7,-21.1,-0.35,4.7,-24.55
"210","Maine",2020-03-04,10,0,20,20,-0.606060606060606,2.81818181818182,11.7575757575758,5.87878787878788,31.4242424242424,15.1212121212121
"211","Maine",2020-03-11,11,32,1283,1315,2.17647058823529,-1.85294117647059,2.41176470588235,19.9117647058824,21.1470588235294,0.941176470588235
"212","Maine",2020-03-18,12,93,1711,1804,13.0294117647059,-30.0588235294118,-34.5588235294118,-1.41176470588235,14.5588235294118,-27.4411764705882
"213","Maine",2020-03-25,13,178,3074,3252,16.6,-40.0857142857143,-45.0857142857143,-16.8285714285714,8.62857142857143,-45.4571428571429
"214","Maine",2020-04-01,14,216,0,216,17.8,-43.6285714285714,-47.4,-18.1142857142857,-0.171428571428571,-51.9142857142857
"215","Maine",2020-04-08,15,215,5520,5735,16.7714285714286,-47.4,-50.0285714285714,-23,-5.37142857142857,-51.7142857142857
"216","Maine",2020-04-15,16,154,2468,2622,16.4117647058824,-43,-37.9411764705882,-15,24.8529411764706,-47.9117647058824
"217","Maine",2020-04-22,17,152,2708,2860,16.0571428571429,-41.3714285714286,-39.0285714285714,-15.7428571428571,19.1714285714286,-47.1428571428571
"218","Maine",2020-04-29,18,186,2762,2948,13.7058823529412,-39.0294117647059,-31.7647058823529,-9.17647058823529,39.0588235294118,-40.3235294117647
"219","Maine",2020-05-06,19,251,2546,2797,13.3529411764706,-36.2647058823529,-28.7058823529412,-4.73529411764706,38.9117647058824,-37.7058823529412
"220","Maine",2020-05-13,20,264,0,264,14.6,-39.7,-24.8,-3.4,58.5,-32.2
"221","Maryland",2020-03-04,10,6,89,95,-0.615384615384615,2.75641025641026,5.79487179487179,3.57692307692308,49.3846153846154,3.23076923076923
"222","Maryland",2020-03-11,11,51,5,56,3.15189873417722,-5.73417721518987,-0.822784810126582,10.8354430379747,38.873417721519,-6.88607594936709
"223","Maryland",2020-03-18,12,292,0,292,15.3571428571429,-35.6309523809524,-29.9880952380952,-4.94047619047619,34.6309523809524,-33.3571428571429
"224","Maryland",2020-03-25,13,1311,14774,16085,19.8072289156627,-46.1686746987952,-40.2650602409639,-19.9156626506024,20.6144578313253,-44.8795180722892
"225","Maryland",2020-04-01,14,2711,12388,15099,21.8588235294118,-50.5529411764706,-44.6823529411765,-25.0235294117647,8.21176470588235,-47.6705882352941
"226","Maryland",2020-04-08,15,5101,17005,22106,22.6987951807229,-53.2771084337349,-45.2289156626506,-24.5180722891566,7.63855421686747,-51.0120481927711
"227","Maryland",2020-04-15,16,4721,15181,19902,21.8,-50.6133333333333,-39.8533333333333,-20.8,11.8,-49.8133333333333
"228","Maryland",2020-04-22,17,5920,28230,34150,22.0769230769231,-50.7307692307692,-40.5897435897436,-21.974358974359,1.42307692307692,-49.0384615384615
"229","Maryland",2020-04-29,18,7004,25314,32318,20.2112676056338,-49.6760563380282,-36.6901408450704,-18.1408450704225,32.5915492957746,-45.2253521126761
"230","Maryland",2020-05-06,19,6944,22456,29400,19.5866666666667,-46.5333333333333,-34.44,-14.3733333333333,24.3066666666667,-44.6133333333333
"231","Maryland",2020-05-13,20,7485,31670,39155,20.5263157894737,-50.3684210526316,-31,-12.7368421052632,67.6315789473684,-43.2105263157895
"232","Massachusetts",2020-03-11,11,110,1633,1743,4.09210526315789,-7.32894736842105,-2.30263157894737,18.1315789473684,28.1973684210526,-12.6973684210526
"233","Massachusetts",2020-03-18,12,942,11081,12023,16.3289473684211,-37.7631578947368,-36.6052631578947,-2.46052631578947,21.2105263157895,-43.9868421052632
"234","Massachusetts",2020-03-25,13,5461,27726,33187,21.0933333333333,-49.7066666666667,-49.6533333333333,-22.3466666666667,19.2533333333333,-57.7466666666667
"235","Massachusetts",2020-04-01,14,8583,25830,34413,21.9324324324324,-52.1216216216216,-48.5,-18.6891891891892,15.7162162162162,-57.4864864864865
"236","Massachusetts",2020-04-08,15,13005,32550,45555,23.0133333333333,-54.9866666666667,-52.1866666666667,-24.5466666666667,5.04,-60.1733333333333
"237","Massachusetts",2020-04-15,16,15059,42624,57683,21.8378378378378,-52.527027027027,-46.6351351351351,-22.1486486486486,19.7162162162162,-56.9189189189189
"238","Massachusetts",2020-04-22,17,15134,54754,69888,22.1891891891892,-52.1621621621622,-46.9054054054054,-24.3648648648649,2.44594594594595,-58.1621621621622
"239","Massachusetts",2020-04-29,18,11969,66880,78849,19.3380281690141,-49.7323943661972,-39.9577464788732,-16.7746478873239,43.9014084507042,-50.4366197183099
"240","Massachusetts",2020-05-06,19,9061,59086,68147,18.5194805194805,-45.9480519480519,-37.8441558441558,-12.0649350649351,30.9090909090909,-48.2077922077922
"241","Massachusetts",2020-05-13,20,8593,66851,75444,20.65,-51.4,-34.2,-13.15,53.75,-47.2
"242","Michigan",2020-02-26,9,25,0,25,0.527777777777778,-0.731481481481482,6.06481481481481,0.25,13.3518518518519,5.87962962962963
"243","Michigan",2020-03-04,10,324,39,363,-0.774509803921569,2.27450980392157,10.9705882352941,3.81372549019608,45.421568627451,8.67647058823529
"244","Michigan",2020-03-11,11,2035,587,2622,2.75238095238095,-4.04761904761905,-2.07619047619048,16.6571428571429,36.0095238095238,-1.37142857142857
"245","Michigan",2020-03-18,12,4048,5170,9218,13.688679245283,-32.6320754716981,-38.188679245283,0.792452830188679,25.6981132075472,-25.6792452830189
"246","Michigan",2020-03-25,13,5434,18183,23617,21.8878504672897,-53.607476635514,-57.785046728972,-27.7102803738318,20.6355140186916,-46.803738317757
"247","Michigan",2020-04-01,14,7948,21571,29519,21.8252427184466,-56.0485436893204,-53.1359223300971,-22.621359223301,56.4466019417476,-45.5145631067961
"248","Michigan",2020-04-08,15,7178,13675,20853,22.8796296296296,-58.2685185185185,-57.6203703703704,-26,24.7037037037037,-51.3518518518519
"249","Michigan",2020-04-15,16,5966,25034,31000,22.2897196261682,-54.3084112149533,-50.7663551401869,-22.5981308411215,25.196261682243,-48.5700934579439
"250","Michigan",2020-04-22,17,6295,41284,47579,21.5145631067961,-53.2621359223301,-46.6504854368932,-20.873786407767,36.2330097087379,-45.3106796116505
"251","Michigan",2020-04-29,18,5135,52896,58031,18.4395604395604,-51.6813186813187,-36.5384615384615,-13.7472527472527,85.1538461538462,-37.9120879120879
"252","Michigan",2020-05-06,19,3624,81430,85054,17.2264150943396,-46.4716981132075,-34.2547169811321,-7.43396226415094,56.8207547169811,-33.0943396226415
"253","Michigan",2020-05-13,20,4329,110685,115014,17.8571428571429,-49.2857142857143,-27.1071428571429,-6.64285714285714,118,-29.0714285714286
"254","Minnesota",2020-03-04,10,3,132,135,-0.245901639344262,0.60655737704918,7.01639344262295,6.67213114754098,15.3770491803279,-2.31147540983607
"255","Minnesota",2020-03-11,11,57,2144,2201,3.15873015873016,-5.73015873015873,-0.0793650793650794,14.2698412698413,-0.174603174603175,-11.3015873015873
"256","Minnesota",2020-03-18,12,202,3274,3476,15.4838709677419,-32.6612903225806,-38.4354838709677,-3.58064516129032,10.3548387096774,-36.9032258064516
"257","Minnesota",2020-03-25,13,367,13601,13968,19.6935483870968,-44.0806451612903,-47.3064516129032,-19.4838709677419,26.258064516129,-47.9032258064516
"258","Minnesota",2020-04-01,14,440,9040,9480,21.2096774193548,-48.5,-46.9516129032258,-18.5483870967742,40.5161290322581,-46.4032258064516
"259","Minnesota",2020-04-08,15,626,9355,9981,20.9677419354839,-50.8064516129032,-48.6129032258064,-19,28.1129032258065,-47.2741935483871
"260","Minnesota",2020-04-15,16,872,7584,8456,20.2372881355932,-46.8135593220339,-41.6610169491525,-14.8983050847458,30.8305084745763,-42.0169491525424
"261","Minnesota",2020-04-22,17,1614,14518,16132,18.3035714285714,-46.3214285714286,-37.25,-10.9107142857143,92.5535714285714,-36.4821428571429
"262","Minnesota",2020-04-29,18,3670,20510,24180,16.2413793103448,-45.1206896551724,-33.1724137931034,-5.3448275862069,85.2758620689655,-32.1551724137931
"263","Minnesota",2020-05-06,19,4643,28182,32825,16.4727272727273,-42.8545454545455,-31.6727272727273,0.327272727272727,77.1272727272727,-30.6363636363636
"264","Minnesota",2020-05-13,20,4535,36466,41001,19.1176470588235,-47.2941176470588,-30.0588235294118,-2.94117647058824,87.5294117647059,-33.5882352941176
"265","Mississippi",2020-03-04,10,0,0,0,-0.842105263157895,-0.736842105263158,13.8421052631579,8.21052631578947,21.4473684210526,12.5789473684211
"266","Mississippi",2020-03-11,11,21,368,389,1.05263157894737,-7.52631578947368,8.55263157894737,22.5526315789474,31.4736842105263,8.18421052631579
"267","Mississippi",2020-03-18,12,299,1184,1483,9.81395348837209,-25.0232558139535,-20.8837209302326,10.8139534883721,8.7906976744186,-11.2093023255814
"268","Mississippi",2020-03-25,13,617,1985,2602,12.9268292682927,-33.4878048780488,-31.2926829268293,-7.19512195121951,10.7560975609756,-19.3170731707317
"269","Mississippi",2020-04-01,14,978,15095,16073,15.1627906976744,-39.3023255813954,-33.9302325581395,-4.23255813953488,-12.3488372093023,-27.5581395348837
"270","Mississippi",2020-04-08,15,1172,16159,17331,17.125,-44.4375,-37.7916666666667,-10.9583333333333,-24.1041666666667,-32.875
"271","Mississippi",2020-04-15,16,1629,12857,14486,15.1276595744681,-39.1914893617021,-27.4893617021277,-8,-17.5106382978723,-25.063829787234
"272","Mississippi",2020-04-22,17,1626,10422,12048,13.7916666666667,-37.1458333333333,-23.5208333333333,-5,-3.8125,-23.5208333333333
"273","Mississippi",2020-04-29,18,1865,14031,15896,11.1063829787234,-34.4893617021277,-15.9148936170213,2.12765957446809,6.80851063829787,-17.4468085106383
"274","Mississippi",2020-05-06,19,1701,15683,17384,10.4418604651163,-31.5116279069767,-10.8604651162791,8.69767441860465,15.4186046511628,-12.7209302325581
"275","Mississippi",2020-05-13,20,1796,18272,20068,10.4,-31.7,-2.5,7.1,20.9,-3.9
"276","Missouri",2020-03-04,10,1,0,1,-1.52238805970149,4.82089552238806,11.9701492537313,9.01492537313433,67.0149253731343,9.23880597014925
"277","Missouri",2020-03-11,11,7,207,214,1.72368421052632,-2.26315789473684,2.47368421052632,21.4473684210526,14.8947368421053,1.32894736842105
"278","Missouri",2020-03-18,12,175,162,337,11.4675324675325,-27.8571428571429,-28.6363636363636,12.4675324675325,-0.896103896103896,-14.8831168831169
"279","Missouri",2020-03-25,13,1144,14245,15389,16.3521126760563,-41.3521126760563,-42.5352112676056,-13.887323943662,40.7464788732394,-26.0704225352113
"280","Missouri",2020-04-01,14,1710,14318,16028,16.961038961039,-43.4155844155844,-41.8181818181818,-4.38961038961039,13.2727272727273,-29.3636363636364
"281","Missouri",2020-04-08,15,1649,14360,16009,17.4507042253521,-47.169014084507,-44.7746478873239,-12.6478873239437,14.8028169014085,-31.8028169014085
"282","Missouri",2020-04-15,16,1255,7887,9142,16.7428571428571,-43.5142857142857,-35.7142857142857,-10.6571428571429,19.9571428571429,-27.2857142857143
"283","Missouri",2020-04-22,17,1362,15021,16383,16.0757575757576,-42.7878787878788,-33.3939393939394,-9.07575757575758,31.2575757575758,-24.9090909090909
"284","Missouri",2020-04-29,18,1613,19950,21563,13.2615384615385,-40.6769230769231,-27.2153846153846,-3.67692307692308,43.7846153846154,-19.4153846153846
"285","Missouri",2020-05-06,19,1090,25140,26230,12.1492537313433,-36.4925373134328,-18.3731343283582,4.6865671641791,45.1641791044776,-14.8805970149254
"286","Missouri",2020-05-13,20,1074,31740,32814,15.0952380952381,-40.6666666666667,-16.7142857142857,0.19047619047619,12.7142857142857,-14.1428571428571
"287","Montana",2020-03-04,10,0,15,15,-0.742857142857143,2.65714285714286,9.4,7.74285714285714,14.8285714285714,6.97142857142857
"288","Montana",2020-03-11,11,8,288,296,1.92105263157895,-4.07894736842105,-1.78947368421053,15.2631578947368,-6.02631578947368,-1.42105263157895
"289","Montana",2020-03-18,12,38,1340,1378,10.0857142857143,-29.0571428571429,-33.4857142857143,-0.6,28.6571428571429,-21.3714285714286
"290","Montana",2020-03-25,13,138,2591,2729,14.4571428571429,-38.1714285714286,-43.5142857142857,-13.9428571428571,12.0285714285714,-38.2
"291","Montana",2020-04-01,14,135,2432,2567,16.6388888888889,-42.5833333333333,-46.4444444444444,-18.5,-0.222222222222222,-45.6944444444444
"292","Montana",2020-04-08,15,80,2169,2249,15.6060606060606,-43.5151515151515,-44.2121212121212,-15.1515151515152,23.2121212121212,-43.4848484848485
"293","Montana",2020-04-15,16,38,1969,2007,14.0277777777778,-39.0277777777778,-39.7222222222222,-9.22222222222222,23.5277777777778,-37.1388888888889
"294","Montana",2020-04-22,17,14,1936,1950,12.4571428571429,-37.3714285714286,-36.1714285714286,-1.02857142857143,44.4857142857143,-31.5142857142857
"295","Montana",2020-04-29,18,5,2076,2081,8.70588235294118,-32.3823529411765,-25,8.79411764705882,63.2647058823529,-25.9705882352941
"296","Montana",2020-05-06,19,5,7758,7763,8.15151515151515,-27.969696969697,-16.4545454545455,12.8787878787879,47.3030303030303,-21.0909090909091
"297","Montana",2020-05-13,20,10,5905,5915,11,-29.5,-15,6.1,28.4,-23.5
"298","Nebraska",2020-03-04,10,3,47,50,-1.18518518518519,1.44444444444444,10.1111111111111,9.62962962962963,57.6666666666667,8.62962962962963
"299","Nebraska",2020-03-11,11,18,159,177,3.57142857142857,-7.85714285714286,-1.67857142857143,17.0357142857143,19.0714285714286,-3.07142857142857
"300","Nebraska",2020-03-18,12,31,769,800,13.4814814814815,-28.2962962962963,-33.3333333333333,0.333333333333333,13.2592592592593,-15.2592592592593
"301","Nebraska",2020-03-25,13,120,1956,2076,14.9166666666667,-34.875,-37.125,-10.4583333333333,57.0416666666667,-20
"302","Nebraska",2020-04-01,14,275,3880,4155,16.44,-38.68,-38.44,-7.76,43.24,-23.8
"303","Nebraska",2020-04-08,15,424,3675,4099,17.4074074074074,-44.1111111111111,-40.962962962963,-11.3703703703704,35.1481481481481,-25.1111111111111
"304","Nebraska",2020-04-15,16,777,4238,5015,17.3333333333333,-39.6666666666667,-33.7777777777778,-10.2592592592593,31.8888888888889,-20.8148148148148
"305","Nebraska",2020-04-22,17,1710,5523,7233,14.6521739130435,-37.9565217391304,-29.4347826086957,-6.30434782608696,73.695652173913,-16.0869565217391
"306","Nebraska",2020-04-29,18,2725,8279,11004,13.1666666666667,-36.75,-24.9583333333333,-2.20833333333333,79.8333333333333,-13.5
"307","Nebraska",2020-05-06,19,2489,10845,13334,13.1666666666667,-34.0416666666667,-20.4583333333333,4.04166666666667,56.375,-12.2083333333333
"308","Nebraska",2020-05-13,20,2053,19988,22041,17,-40.8571428571429,-20.8571428571429,-2.14285714285714,38.4285714285714,-12.5714285714286
"309","Nevada",2020-03-04,10,1,14,15,-0.318181818181818,0.772727272727273,4.54545454545455,10.4545454545455,14.7272727272727,0.545454545454545
"310","Nevada",2020-03-11,11,54,154,208,2.66666666666667,-5.61904761904762,-1.57142857142857,17.2857142857143,0.80952380952381,-10.7619047619048
"311","Nevada",2020-03-18,12,223,3786,4009,14.952380952381,-40.3333333333333,-35.2857142857143,-3.28571428571429,-22.952380952381,-45.1428571428571
"312","Nevada",2020-03-25,13,835,6727,7562,17.8260869565217,-48.304347826087,-40.9130434782609,-16.0869565217391,-29.8695652173913,-54.8260869565217
"313","Nevada",2020-04-01,14,974,5871,6845,18.2916666666667,-50.7916666666667,-39.875,-13.375,-30.1666666666667,-56.25
"314","Nevada",2020-04-08,15,1001,7021,8022,18.6,-52.12,-43.12,-17.12,-30.08,-53.52
"315","Nevada",2020-04-15,16,849,5545,6394,17.9565217391304,-50.0869565217391,-39.6086956521739,-15.695652173913,-20.8695652173913,-52.0869565217391
"316","Nevada",2020-04-22,17,868,6196,7064,17.5909090909091,-50.0454545454545,-38.6363636363636,-13.1363636363636,-11.0909090909091,-50.9090909090909
"317","Nevada",2020-04-29,18,789,6976,7765,15.4285714285714,-48.9047619047619,-35.7619047619048,-6.23809523809524,-8.38095238095238,-50.6190476190476
"318","Nevada",2020-05-06,19,717,15474,16191,15.1904761904762,-45.7619047619048,-32.9047619047619,-1.38095238095238,-4.33333333333333,-48
"319","Nevada",2020-05-13,20,735,22745,23480,16.6666666666667,-45.1666666666667,-28.1666666666667,-3.33333333333333,-14.5,-44.5
"320","New Hampshire",2020-03-04,10,4,38,42,-0.303030303030303,2.57575757575758,6.09090909090909,3.39393939393939,35.0606060606061,6.75757575757576
"321","New Hampshire",2020-03-11,11,13,317,330,2.85714285714286,-3.65714285714286,0.857142857142857,19.7714285714286,17.8857142857143,-4.97142857142857
"322","New Hampshire",2020-03-18,12,84,1092,1176,14.4285714285714,-31.3142857142857,-33.6,3.74285714285714,17.8285714285714,-28.7428571428571
"323","New Hampshire",2020-03-25,13,213,3966,4179,18.6666666666667,-42.3636363636364,-44.2727272727273,-15.3636363636364,11.030303030303,-44.5454545454545
"324","New Hampshire",2020-04-01,14,401,2606,3007,19.9714285714286,-45.8857142857143,-44.4857142857143,-17,10.7142857142857,-47.9428571428571
"325","New Hampshire",2020-04-08,15,305,2571,2876,20.71875,-48.46875,-46.125,-21,2.25,-51
"326","New Hampshire",2020-04-15,16,471,2258,2729,18.8846153846154,-44.9230769230769,-37.2692307692308,-17.1923076923077,17.7692307692308,-48.9230769230769
"327","New Hampshire",2020-04-22,17,447,5359,5806,18.4444444444444,-44.1111111111111,-37.7407407407407,-17.037037037037,5.03703703703704,-48.8148148148148
"328","New Hampshire",2020-04-29,18,650,6075,6725,16,-42.1851851851852,-30.4814814814815,-11,33.7407407407407,-42.3703703703704
"329","New Hampshire",2020-05-06,19,572,8119,8691,16.2222222222222,-39.8518518518519,-28.2962962962963,-5.88888888888889,24.7037037037037,-38.8888888888889
"330","New Hampshire",2020-05-13,20,492,13421,13913,17,-42.375,-22.25,-5.5,47,-31.125
"331","New Jersey",2020-03-04,10,14,44,58,-0.238095238095238,2.38095238095238,6.91269841269841,6.3968253968254,47.6507936507937,3.95238095238095
"332","New Jersey",2020-03-11,11,252,119,371,4.015625,-6.734375,-0.0234375,17.0625,43.671875,-11.1640625
"333","New Jersey",2020-03-18,12,3408,8162,11570,18.0227272727273,-39.7651515151515,-39.8106060606061,-8.62878787878788,15.6439393939394,-42.2272727272727
"334","New Jersey",2020-03-25,13,15021,18752,33773,22.719696969697,-51.8030303030303,-50.0833333333333,-25.0378787878788,3.84848484848485,-54.6893939393939
"335","New Jersey",2020-04-01,14,25720,23481,49201,23.6212121212121,-54.469696969697,-54.9545454545455,-8.81060606060606,11.8560606060606,-52.8939393939394
"336","New Jersey",2020-04-08,15,24408,20392,44800,25.1590909090909,-58.3257575757576,-61.530303030303,-13.3787878787879,-15.5075757575758,-58.3257575757576
"337","New Jersey",2020-04-15,16,23563,21489,45052,23.496,-53.744,-56.088,-20.984,-13.832,-55.576
"338","New Jersey",2020-04-22,17,21469,28064,49533,23.2992125984252,-52.4488188976378,-56.7165354330709,-22.2834645669291,-21.1574803149606,-55.1181102362205
"339","New Jersey",2020-04-29,18,16737,36527,53264,21.2181818181818,-50.8727272727273,-50.0909090909091,-15.9272727272727,23.3,-48.9
"340","New Jersey",2020-05-06,19,10150,135287,145437,20.2583333333333,-47.05,-47.7666666666667,-11.4,20.9166666666667,-48.1833333333333
"341","New Jersey",2020-05-13,20,8270,78852,87122,21.6969696969697,-51.4848484848485,-44.4848484848485,-11.0606060606061,53.5454545454545,-46.5454545454545
"342","New Mexico",2020-03-04,10,0,69,69,-1.2741935483871,2.51612903225806,11.0645161290323,14.6612903225806,26.5967741935484,8.30645161290323
"343","New Mexico",2020-03-11,11,23,1180,1203,1.45161290322581,-4.96774193548387,3.67741935483871,26.8064516129032,24.2258064516129,3.37096774193548
"344","New Mexico",2020-03-18,12,60,4641,4701,10.7258064516129,-27.8548387096774,-23.8387096774194,14.3870967741935,1.30645161290323,-15.9677419354839
"345","New Mexico",2020-03-25,13,198,6356,6554,16.1,-40.0833333333333,-40.1333333333333,-11.7333333333333,-13.5666666666667,-32.2666666666667
"346","New Mexico",2020-04-01,14,405,8893,9298,15.8166666666667,-41.1,-34.95,-3.88333333333333,-4.21666666666667,-27.75
"347","New Mexico",2020-04-08,15,659,9486,10145,17.1639344262295,-44.1147540983607,-40.2786885245902,-8.54098360655738,-14.8196721311475,-35.0327868852459
"348","New Mexico",2020-04-15,16,626,6159,6785,15.9,-40.05,-32.3833333333333,-6.26666666666667,-10.8333333333333,-32.75
"349","New Mexico",2020-04-22,17,852,19196,20048,15.2622950819672,-39.7213114754098,-29.5245901639344,-2.21311475409836,-2.95081967213115,-32.1311475409836
"350","New Mexico",2020-04-29,18,1208,21709,22917,13,-38.3934426229508,-24.7704918032787,4.22950819672131,2.81967213114754,-28.9508196721311
"351","New Mexico",2020-05-06,19,1038,23963,25001,13.0983606557377,-35.672131147541,-25.1639344262295,9.45901639344262,4.83606557377049,-25.8852459016393
"352","New Mexico",2020-05-13,20,1027,29872,30899,14.8888888888889,-38.8333333333333,-21.5,5.33333333333333,14.3333333333333,-23.1666666666667
"353","New York",2020-03-04,10,173,92,265,-0.36875,3.35,7.50625,6.45625,39.025,4.63125
"354","New York",2020-03-11,11,1527,5414,6941,3.48484848484848,-5.45454545454545,-2.53333333333333,18.769696969697,28.4060606060606,-9.29090909090909
"355","New York",2020-03-18,12,23965,60099,84064,16.6,-37.5875,-40.21875,-3.175,15.1625,-40.3375
"356","New York",2020-03-25,13,50130,63786,113916,21.7515151515152,-51.1030303030303,-51.8848484848485,-21.6484848484848,5.41818181818182,-53.6242424242424
"357","New York",2020-04-01,14,63068,71804,134872,22.6772151898734,-54.3544303797468,-50.5822784810127,-19.1708860759494,22.2025316455696,-55.3860759493671
"358","New York",2020-04-08,15,63345,95740,159085,23.840490797546,-57.0490797546012,-62.2944785276074,-11.6196319018405,3.69325153374233,-57.4846625766871
"359","New York",2020-04-15,16,49482,100700,150182,22.5222929936306,-53.2101910828025,-57.1082802547771,-19.4777070063694,11.5477707006369,-55.5477707006369
"360","New York",2020-04-22,17,43416,152253,195669,22.4085365853659,-52.3658536585366,-57.0853658536585,-20.2865853658537,-3.69512195121951,-55.2926829268293
"361","New York",2020-04-29,18,26086,157819,183905,19.9183673469388,-50.1020408163265,-49.8843537414966,-14.108843537415,42.3469387755102,-49.9455782312925
"362","New York",2020-05-06,19,17293,178921,196214,19.3552631578947,-46.8815789473684,-48.0921052631579,-9.48026315789474,23.8355263157895,-48.8092105263158
"363","New York",2020-05-13,20,14360,228266,242626,21.1951219512195,-51.2682926829268,-44.9268292682927,-10.0975609756098,54.6585365853659,-45.2926829268293
"364","North Carolina",2020-03-04,10,6,0,6,-0.631147540983607,1.31147540983607,8.5655737704918,3.9344262295082,28.3524590163934,4.36065573770492
"365","North Carolina",2020-03-11,11,33,474,507,1.79130434782609,-5.6695652173913,0.904347826086957,14.2695652173913,32.8521739130435,-4.39130434782609
"366","North Carolina",2020-03-18,12,358,7667,8025,11.1623931623932,-27.6666666666667,-29.4786324786325,0.837606837606838,20.7350427350427,-25.1111111111111
"367","North Carolina",2020-03-25,13,1100,13467,14567,14.6825396825397,-37.7619047619048,-36.9523809523809,-10.9603174603175,16.2460317460317,-35.8095238095238
"368","North Carolina",2020-04-01,14,1723,16253,17976,16.45,-42.5285714285714,-40.0142857142857,-14.4571428571429,5.79285714285714,-38.7214285714286
"369","North Carolina",2020-04-08,15,1803,22154,23957,17.3203125,-47.7734375,-42.109375,-14.59375,5.328125,-42.2578125
"370","North Carolina",2020-04-15,16,1927,16365,18292,15.7698412698413,-42.0873015873016,-33.8412698412698,-12.1746031746032,7.3968253968254,-40.4920634920635
"371","North Carolina",2020-04-22,17,2617,26804,29421,15.5658914728682,-40.8914728682171,-33.1472868217054,-11.2868217054264,10.1472868217054,-37.6434108527132
"372","North Carolina",2020-04-29,18,2688,36360,39048,13.3951612903226,-39.4838709677419,-26.6612903225806,-5.19354838709677,20.3467741935484,-32.8548387096774
"373","North Carolina",2020-05-06,19,3090,47354,50444,12.7619047619048,-36.8650793650794,-24.0793650793651,-0.444444444444444,23.6349206349206,-28.2380952380952
"374","North Carolina",2020-05-13,20,4354,58410,62764,14.4838709677419,-39.1612903225806,-22.9677419354839,-3.12903225806452,29.3548387096774,-28.1612903225806
"375","North Dakota",2020-03-04,10,0,6,6,-0.666666666666667,3.2,7.66666666666667,1.33333333333333,11.2666666666667,10.5333333333333
"376","North Dakota",2020-03-11,11,3,214,217,2.35294117647059,-2.64705882352941,-0.235294117647059,14.9411764705882,-4.23529411764706,1.82352941176471
"377","North Dakota",2020-03-18,12,31,1234,1265,13.2,-24.1,-35.35,6.25,-16.95,-18.3
"378","North Dakota",2020-03-25,13,92,2677,2769,16.0714285714286,-31.0714285714286,-42.1428571428571,-10.1428571428571,12.2142857142857,-23.8571428571429
"379","North Dakota",2020-04-01,14,111,3335,3446,19.4210526315789,-36.9473684210526,-49.2631578947368,-15.0526315789474,-20.8421052631579,-36.1052631578947
"380","North Dakota",2020-04-08,15,104,3109,3213,18.5,-39.5,-47.7777777777778,-17.8333333333333,-10.3888888888889,-36.8888888888889
"381","North Dakota",2020-04-15,16,303,3768,4071,18.5555555555556,-36.8888888888889,-41.4444444444444,-14.5555555555556,3.55555555555556,-30.2222222222222
"382","North Dakota",2020-04-22,17,347,8389,8736,16.1818181818182,-36,-35.6363636363636,-10.5454545454545,28.6363636363636,-28.1818181818182
"383","North Dakota",2020-04-29,18,275,12423,12698,13.1818181818182,-32.1818181818182,-25.5454545454545,-3.90909090909091,23.8181818181818,-21.0909090909091
"384","North Dakota",2020-05-06,19,305,11106,11411,12.8333333333333,-28,-20,1.33333333333333,16.0833333333333,-21.5
"385","North Dakota",2020-05-13,20,423,9476,9899,15.25,-32.5,-16.5,-3.25,-2,-16.75
"386","Ohio",2020-03-04,10,3,14,17,-0.972477064220184,2.51376146788991,10.7981651376147,6.44036697247706,58.3302752293578,8.65137614678899
"387","Ohio",2020-03-11,11,64,126,190,2.75438596491228,-4.78947368421053,-2.21052631578947,18.9298245614035,31.5350877192982,-2.09649122807018
"388","Ohio",2020-03-18,12,497,0,497,12.9915254237288,-30.8050847457627,-34.6610169491525,2.52542372881356,26.1610169491525,-17.1779661016949
"389","Ohio",2020-03-25,13,1635,26852,28487,18.1203703703704,-44.3425925925926,-46.6481481481481,-19.9351851851852,48.2962962962963,-28.0277777777778
"390","Ohio",2020-04-01,14,2583,19064,21647,17.3009708737864,-45.3592233009709,-40.8834951456311,-11.2330097087379,62.3980582524272,-26.368932038835
"391","Ohio",2020-04-08,15,2498,14665,17163,18.4347826086957,-48.3304347826087,-44.9913043478261,-15.7130434782609,39.1478260869565,-30.095652173913
"392","Ohio",2020-04-15,16,6445,20268,26713,17.7606837606838,-44.1965811965812,-37.3589743589744,-12.2307692307692,38.965811965812,-28.7094017094017
"393","Ohio",2020-04-22,17,2403,25589,27992,16.0098039215686,-42.5098039215686,-35.0098039215686,-10.7156862745098,50.2352941176471,-26.6470588235294
"394","Ohio",2020-04-29,18,4841,33188,38029,14.2258064516129,-41.5161290322581,-28.6451612903226,-3.7741935483871,76.8494623655914,-20.4516129032258
"395","Ohio",2020-05-06,19,4281,52715,56996,14.4423076923077,-38.2884615384615,-28.7019230769231,-0.105769230769231,48.0576923076923,-19.4038461538462
"396","Ohio",2020-05-13,20,3702,56169,59871,14.3333333333333,-40.1481481481481,-20.0740740740741,0.37037037037037,101.37037037037,-13.2962962962963
"397","Oklahoma",2020-03-04,10,1,15,16,-1.23076923076923,2.76923076923077,11.0769230769231,7.82051282051282,33,9.28205128205128
"398","Oklahoma",2020-03-11,11,15,232,247,1.7,-4.7,3.55,14.4,3.375,3.925
"399","Oklahoma",2020-03-18,12,89,488,577,10.3170731707317,-25.7560975609756,-23.7317073170732,5.1219512195122,-4.65853658536585,-9.75609756097561
"400","Oklahoma",2020-03-25,13,459,494,953,13.2105263157895,-34.6578947368421,-32.5,-8.3421052631579,17.6315789473684,-18.4473684210526
"401","Oklahoma",2020-04-01,14,907,10592,11499,15.390243902439,-39.1707317073171,-35.1219512195122,-5.63414634146341,-7.09756097560976,-23.6585365853659
"402","Oklahoma",2020-04-08,15,712,14264,14976,15.0512820512821,-41.0769230769231,-36.1538461538462,-7.53846153846154,-1.02564102564103,-21.8205128205128
"403","Oklahoma",2020-04-15,16,623,15452,16075,14.1219512195122,-37.3414634146341,-25.5609756097561,-5.21951219512195,10,-16.4390243902439
"404","Oklahoma",2020-04-22,17,603,14752,15355,13.0540540540541,-35.8378378378378,-22.027027027027,-1.81081081081081,22.2162162162162,-10.1081081081081
"405","Oklahoma",2020-04-29,18,717,19001,19718,9.22222222222222,-31.3611111111111,-11.3888888888889,8.27777777777778,32.7222222222222,-2.11111111111111
"406","Oklahoma",2020-05-06,19,605,16089,16694,9.05263157894737,-28.7631578947368,-7.05263157894737,12.3157894736842,30.7368421052632,-2.68421052631579
"407","Oklahoma",2020-05-13,20,757,42279,43036,11.4444444444444,-31.1111111111111,-6.88888888888889,6.33333333333333,4.33333333333333,-9.11111111111111
"408","Oregon",2020-03-04,10,15,213,228,-0.362637362637363,1.40659340659341,7.82417582417582,7.31868131868132,30.9120879120879,2.03296703296703
"409","Oregon",2020-03-11,11,32,476,508,2.61797752808989,-5.97752808988764,-1.59550561797753,12.1011235955056,27.7191011235955,-5.74157303370786
"410","Oregon",2020-03-18,12,162,3661,3823,9.81818181818182,-29.75,-28.7272727272727,2.90909090909091,55.4772727272727,-21.1022727272727
"411","Oregon",2020-03-25,13,481,8786,9267,15.9148936170213,-42.4255319148936,-45.1063829787234,-19.1382978723404,-11.0851063829787,-38.1702127659574
"412","Oregon",2020-04-01,14,491,8690,9181,15.4239130434783,-43.1195652173913,-40,-11.5326086956522,1.79347826086957,-35.445652173913
"413","Oregon",2020-04-08,15,452,8904,9356,14,-42.8913043478261,-38.4673913043478,-8.93478260869565,35.8260869565217,-33.6521739130435
"414","Oregon",2020-04-15,16,369,8396,8765,13.6464646464646,-40.9191919191919,-30.3838383838384,-8.01010101010101,34.2323232323232,-33.5959595959596
"415","Oregon",2020-04-22,17,352,9718,10070,13.96,-40.66,-32.45,-8.33,19.83,-33.35
"416","Oregon",2020-04-29,18,485,13741,14226,11.3645833333333,-38.84375,-26.1875,-1.57291666666667,30.25,-28.4583333333333
"417","Oregon",2020-05-06,19,447,11735,12182,10.5869565217391,-36.1739130434783,-23.4347826086957,5.90217391304348,57.4673913043478,-23.5217391304348
"418","Oregon",2020-05-13,20,440,21674,22114,13.6896551724138,-39.2758620689655,-24.9310344827586,-0.448275862068966,12.3448275862069,-26.4827586206897
"419","Pennsylvania",2020-03-04,10,10,0,10,-0.490322580645161,1.75483870967742,8.38709677419355,5.41935483870968,47.0903225806452,6
"420","Pennsylvania",2020-03-11,11,84,879,963,2.72327044025157,-5.60377358490566,0.515723270440252,14.3710691823899,39.3459119496855,-4.52201257861635
"421","Pennsylvania",2020-03-18,12,755,7764,8519,15.4465408805031,-36.7106918238994,-40.8930817610063,-8.34591194968553,15.4779874213836,-35.0691823899371
"422","Pennsylvania",2020-03-25,13,3992,29002,32994,19.7721518987342,-47.2025316455696,-49.5253164556962,-24.3037974683544,5.72784810126582,-45.3607594936709
"423","Pennsylvania",2020-04-01,14,9716,39074,48790,19.9935483870968,-48.7935483870968,-47.3096774193548,-21.0129032258065,20.6838709677419,-45.258064516129
"424","Pennsylvania",2020-04-08,15,10786,31567,42353,21.1363636363636,-52.7077922077922,-50.8311688311688,-23.6558441558442,9.83766233766234,-48.9805194805195
"425","Pennsylvania",2020-04-15,16,9183,24037,33220,19.8246753246753,-47.5974025974026,-44.0844155844156,-18.4805194805195,15.5324675324675,-43.7662337662338
"426","Pennsylvania",2020-04-22,17,8736,33501,42237,19.6733333333333,-47.0333333333333,-44.44,-19.4466666666667,1.39333333333333,-44.4866666666667
"427","Pennsylvania",2020-04-29,18,7693,34101,41794,16.9338235294118,-44.9117647058824,-36.8308823529412,-11.6691176470588,45.7352941176471,-39.0808823529412
"428","Pennsylvania",2020-05-06,19,7034,38064,45098,16.6052631578947,-41.1973684210526,-35.3815789473684,-7.63157894736842,22.3486842105263,-36.4802631578947
"429","Pennsylvania",2020-05-13,20,5675,48045,53720,16.9545454545455,-44.3863636363636,-30.25,-5.79545454545455,68.8863636363636,-31.5
"430","Rhode Island",2020-02-26,9,1,6,7,-0.464285714285714,2.78571428571429,8.14285714285714,-1.07142857142857,12.1428571428571,1.78571428571429
"431","Rhode Island",2020-03-04,10,1,52,53,-0.521739130434783,2.26086956521739,8.30434782608696,0.260869565217391,49,-1.04347826086957
"432","Rhode Island",2020-03-11,11,20,345,365,3.07407407407407,-5.25925925925926,-0.0740740740740741,17,45.1481481481481,-14.4074074074074
"433","Rhode Island",2020-03-18,12,101,797,898,15.3846153846154,-33.9230769230769,-35.8461538461538,-3.23076923076923,25.7692307692308,-44.6153846153846
"434","Rhode Island",2020-03-25,13,365,2276,2641,18.625,-43.625,-44.0833333333333,-19.75,36.5416666666667,-53.5833333333333
"435","Rhode Island",2020-04-01,14,741,5601,6342,20.2068965517241,-47.0689655172414,-44.8620689655172,-18.7931034482759,14.8275862068966,-54.6896551724138
"436","Rhode Island",2020-04-08,15,2021,10572,12593,21.551724137931,-51.0689655172414,-48.2068965517241,-22.5172413793103,-1.86206896551724,-60.6896551724138
"437","Rhode Island",2020-04-15,16,2216,14184,16400,19.9,-47.4666666666667,-39.3,-18.6333333333333,21,-58.3
"438","Rhode Island",2020-04-22,17,2459,15934,18393,20.5,-47.6333333333333,-41.3,-21.0333333333333,-4.1,-61.7
"439","Rhode Island",2020-04-29,18,2007,16735,18742,17.8518518518519,-45.7037037037037,-32.8148148148148,-13.7777777777778,45.8148148148148,-50.4814814814815
"440","Rhode Island",2020-05-06,19,1681,17123,18804,16.9642857142857,-42.2857142857143,-30.3571428571429,-9.28571428571429,37.5,-48.9642857142857
"441","Rhode Island",2020-05-13,20,1337,20670,22007,16.8,-44.3,-25,-8.4,76.8,-43.4
"442","South Carolina",2020-03-04,10,7,24,31,-0.181818181818182,1.47727272727273,7.96590909090909,4.54545454545455,19.7159090909091,10.3409090909091
"443","South Carolina",2020-03-11,11,26,287,313,0.494252873563218,-1.88505747126437,6.45977011494253,17.1724137931034,35.3333333333333,6.94252873563218
"444","South Carolina",2020-03-18,12,265,1701,1966,9.93333333333333,-23.9777777777778,-25.3777777777778,5.35555555555556,11.6444444444444,-17.0222222222222
"445","South Carolina",2020-03-25,13,785,2604,3389,13.6590909090909,-35.0681818181818,-33.4545454545455,-7.71590909090909,2.42045454545455,-29.5
"446","South Carolina",2020-04-01,14,1334,16647,17981,14.9333333333333,-40.4444444444444,-35.1777777777778,-6.28888888888889,-14,-32.7444444444444
"447","South Carolina",2020-04-08,15,1136,9056,10192,16.6483516483516,-45.7582417582418,-42.3736263736264,-13.1428571428571,-21.4615384615385,-38.0549450549451
"448","South Carolina",2020-04-15,16,886,6519,7405,14.9340659340659,-40.0879120879121,-31.5164835164835,-9.01098901098901,-16.6153846153846,-30.956043956044
"449","South Carolina",2020-04-22,17,1174,9694,10868,14.4659090909091,-38.7159090909091,-28.75,-6.375,-7.32954545454545,-26.0909090909091
"450","South Carolina",2020-04-29,18,1144,14482,15626,11.8095238095238,-36.3809523809524,-20.452380952381,-0.297619047619048,9.38095238095238,-22.452380952381
"451","South Carolina",2020-05-06,19,1170,24199,25369,11.0722891566265,-33.2530120481928,-15.6506024096386,5.56626506024096,13.7590361445783,-18.3132530120482
"452","South Carolina",2020-05-13,20,1129,40794,41923,12.3333333333333,-33.6296296296296,-11.6296296296296,1.25925925925926,20.3703703703704,-13
"453","South Dakota",2020-03-04,10,0,11,11,-1.38095238095238,2.61904761904762,10.5238095238095,12.7142857142857,47.6190476190476,10.6190476190476
"454","South Dakota",2020-03-11,11,11,540,551,2.76190476190476,-4.04761904761905,-2.71428571428571,22,12.6666666666667,1.57142857142857
"455","South Dakota",2020-03-18,12,19,239,258,10.5238095238095,-20.5238095238095,-24.047619047619,11,17.5238095238095,-11.4285714285714
"456","South Dakota",2020-03-25,13,78,2819,2897,14.047619047619,-28.7619047619048,-36.9047619047619,-3.19047619047619,39.7619047619048,-23.0952380952381
"457","South Dakota",2020-04-01,14,212,2339,2551,15.9047619047619,-34.4761904761905,-39.1904761904762,-4.19047619047619,33.3333333333333,-26.5714285714286
"458","South Dakota",2020-04-08,15,668,2360,3028,16.4285714285714,-39.1904761904762,-43.9523809523809,-9.19047619047619,20.9047619047619,-31.2857142857143
"459","South Dakota",2020-04-15,16,767,2752,3519,15.9047619047619,-35.5238095238095,-35.6190476190476,-5.85714285714286,31.8095238095238,-25.8095238095238
"460","South Dakota",2020-04-22,17,558,3239,3797,13.95,-35.4,-27.95,0.9,104.15,-17.45
"461","South Dakota",2020-04-29,18,408,2002,2410,11.1904761904762,-32.1428571428571,-19.6666666666667,6.66666666666667,107.857142857143,-12.3333333333333
"462","South Dakota",2020-05-06,19,942,5233,6175,11.8571428571429,-28.7142857142857,-16,12.1904761904762,74.3333333333333,-11.952380952381
"463","South Dakota",2020-05-13,20,422,4090,4512,13.6666666666667,-32,-15.3333333333333,8.33333333333333,68.8333333333333,-8.5
"464","Tennessee",2020-03-04,10,6,0,6,-0.697368421052632,-0.460526315789474,9.63157894736842,9.13157894736842,48.8421052631579,9.10526315789474
"465","Tennessee",2020-03-11,11,66,330,396,2.43023255813953,-6.34883720930233,-0.511627906976744,17.2441860465116,17.1279069767442,0.86046511627907
"466","Tennessee",2020-03-18,12,594,10187,10781,11.2674418604651,-27.5813953488372,-27.0348837209302,6.80232558139535,-0.406976744186047,-17.546511627907
"467","Tennessee",2020-03-25,13,1572,14604,16176,15.4189189189189,-39.8783783783784,-36.2702702702703,-9.5,21.1351351351351,-28.8783783783784
"468","Tennessee",2020-04-01,14,1899,23615,25514,16.3647058823529,-43.5529411764706,-38.4117647058824,-8.14117647058823,2.55294117647059,-34.0588235294118
"469","Tennessee",2020-04-08,15,1685,24272,25957,17.2435897435897,-47.7435897435897,-41.2307692307692,-12.0512820512821,-7.16666666666667,-37.3717948717949
"470","Tennessee",2020-04-15,16,1571,27780,29351,15.0361445783133,-41.7469879518072,-30.7228915662651,-8.49397590361446,3.1566265060241,-31.0481927710843
"471","Tennessee",2020-04-22,17,2658,51088,53746,15.3294117647059,-41.0117647058824,-30.5764705882353,-9.49411764705882,-3.18823529411765,-30.0117647058824
"472","Tennessee",2020-04-29,18,3638,53296,56934,12.012987012987,-37.961038961039,-19.9220779220779,-2.05194805194805,21.9350649350649,-20.4025974025974
"473","Tennessee",2020-05-06,19,2421,62541,64962,11.7654320987654,-34.6172839506173,-14.7283950617284,3.79012345679012,21.2839506172839,-17.2222222222222
"474","Tennessee",2020-05-13,20,2267,60032,62299,14.5789473684211,-38.8947368421053,-14.0526315789474,-0.0526315789473684,11.2105263157895,-15.8421052631579
"475","Texas",2020-03-04,10,12,0,12,-0.906382978723404,0.476595744680851,9.40851063829787,6.1063829787234,18.8255319148936,8.42127659574468
"476","Texas",2020-03-11,11,51,1204,1255,2.38396624472574,-10.4303797468354,3.9873417721519,17.2784810126582,24.5864978902954,3.91139240506329
"477","Texas",2020-03-18,12,346,9553,9899,12.5238095238095,-28.547619047619,-26.3571428571429,4.95634920634921,-11.202380952381,-17.8968253968254
"478","Texas",2020-03-25,13,2856,28969,31825,17.368,-39.436,-39.836,-15.424,-13.004,-31.764
"479","Texas",2020-04-01,14,4996,40661,45657,18.94921875,-43.03515625,-41.70703125,-16.96484375,-28.296875,-36.44140625
"480","Texas",2020-04-08,15,6362,51456,57818,19.0239043824701,-45.8167330677291,-42.0318725099602,-19.00796812749,-23.6892430278884,-36.7450199203187
"481","Texas",2020-04-15,16,5572,53360,58932,17.6758893280632,-40.9881422924901,-34.304347826087,-15.9762845849802,-19.1541501976285,-32.8379446640316
"482","Texas",2020-04-22,17,5975,89010,94985,16.7083333333333,-40.6,-31.2541666666667,-12.7,-2.54166666666667,-28.1125
"483","Texas",2020-04-29,18,7198,119628,126826,14.1,-37.725,-24.4166666666667,-6.92916666666667,4.15,-22.7875
"484","Texas",2020-05-06,19,7679,103283,110962,13.2575107296137,-34.4892703862661,-19.3605150214592,-1.2618025751073,11.4163090128755,-20.7038626609442
"485","Texas",2020-05-13,20,8864,197901,206765,15.6376811594203,-38.2608695652174,-17.0434782608696,-4.66666666666667,9.68115942028986,-20.5942028985507
"486","Utah",2020-03-04,10,1,0,1,-0.519230769230769,0.75,7.73076923076923,15.1538461538462,45.0384615384615,4.26923076923077
"487","Utah",2020-03-11,11,49,131,180,2.24,-6.12,0.44,28.92,48.42,-0.62
"488","Utah",2020-03-18,12,248,5393,5641,12.5434782608696,-32.0869565217391,-27.9782608695652,10.7826086956522,47.5217391304348,-17.1304347826087
"489","Utah",2020-03-25,13,588,12102,12690,15.6041666666667,-39.1666666666667,-35.1458333333333,-6.39583333333333,20.4166666666667,-25.6041666666667
"490","Utah",2020-04-01,14,851,15283,16134,16.8125,-44.5,-36.3958333333333,-8.29166666666667,32.9375,-27.6666666666667
"491","Utah",2020-04-08,15,674,11155,11829,16.4,-45.7333333333333,-37.4888888888889,-8.48888888888889,45.7111111111111,-30.5777777777778
"492","Utah",2020-04-15,16,884,24998,25882,15.9787234042553,-42.4468085106383,-29.9148936170213,-8.70212765957447,42.2765957446809,-27.5744680851064
"493","Utah",2020-04-22,17,1047,29034,30081,14.6046511627907,-41.6046511627907,-26.906976744186,-5.72093023255814,73.8139534883721,-25.4418604651163
"494","Utah",2020-04-29,18,1106,23170,24276,11.6829268292683,-39.3170731707317,-21.5853658536585,-4.65853658536585,85.3170731707317,-21.8780487804878
"495","Utah",2020-05-06,19,983,25787,26770,11.1025641025641,-36.2051282051282,-14.8717948717949,5.76923076923077,93,-20.7179487179487
"496","Utah",2020-05-13,20,952,19585,20537,13.8333333333333,-40.5833333333333,-13.8333333333333,3.58333333333333,86.4166666666667,-22.4166666666667
"497","Vermont",2020-03-04,10,1,40,41,-0.142857142857143,0,7.5,5.42857142857143,29.3571428571429,8.14285714285714
"498","Vermont",2020-03-11,11,9,455,464,3.14285714285714,-5.42857142857143,-3.57142857142857,7.5,7.92857142857143,-11.0714285714286
"499","Vermont",2020-03-18,12,85,945,1030,15.1428571428571,-36.2857142857143,-39.3571428571429,-20.5,11.5,-35.2142857142857
"500","Vermont",2020-03-25,13,198,2517,2715,21,-52.0714285714286,-53,-37.2142857142857,-1.35714285714286,-50.5
"501","Vermont",2020-04-01,14,282,2597,2879,21.7142857142857,-55.4285714285714,-53.8571428571429,-37.1428571428571,14.5714285714286,-58.2142857142857
"502","Vermont",2020-04-08,15,177,3279,3456,23.1538461538462,-57.6923076923077,-55.9230769230769,-37.2307692307692,-4.23076923076923,-62.6153846153846
"503","Vermont",2020-04-15,16,66,2460,2526,20.7142857142857,-53.9285714285714,-50.7142857142857,-31.7857142857143,25.9285714285714,-60.4285714285714
"504","Vermont",2020-04-22,17,44,2060,2104,20.2142857142857,-52.7857142857143,-48.7857142857143,-30,19.6428571428571,-58.5714285714286
"505","Vermont",2020-04-29,18,45,2258,2303,17.3571428571429,-49.9285714285714,-42.5714285714286,-24.8571428571429,59.1428571428571,-53.1428571428571
"506","Vermont",2020-05-06,19,20,3724,3744,17.7857142857143,-48.1428571428571,-41.2857142857143,-21.7142857142857,36.9285714285714,-53.9285714285714
"507","Vermont",2020-05-13,20,17,3312,3329,19.75,-51.5,-36.5,-20.25,82.5,-44.25
"508","Virginia",2020-03-04,10,8,53,61,-0.403361344537815,0.521008403361345,6.85714285714286,6.35294117647059,30.2436974789916,2.46218487394958
"509","Virginia",2020-03-11,11,59,908,967,3.275,-7.55,-2,12.525,22.0583333333333,-8.10833333333333
"510","Virginia",2020-03-18,12,223,3219,3442,14.6880733944954,-35.1467889908257,-30.4036697247706,-2.61467889908257,21.743119266055,-35.4128440366973
"511","Virginia",2020-03-25,13,960,7971,8931,18.1621621621622,-43.981981981982,-39.4594594594595,-13.3963963963964,20.7837837837838,-42.7297297297297
"512","Virginia",2020-04-01,14,2083,13161,15244,19.8070175438597,-47.6052631578947,-42.2894736842105,-15.5438596491228,-0.236842105263158,-46.5175438596491
"513","Virginia",2020-04-08,15,2838,11280,14118,20.5803571428571,-50.7767857142857,-44.3839285714286,-17.6875,5.9375,-47.2321428571429
"514","Virginia",2020-04-15,16,3459,12132,15591,19.7567567567568,-47.6126126126126,-38.981981981982,-14.8108108108108,2.34234234234234,-44.4504504504505
"515","Virginia",2020-04-22,17,4709,20235,24944,19.8207547169811,-47.8207547169811,-38.688679245283,-15.2264150943396,2.16037735849057,-44.0377358490566
"516","Virginia",2020-04-29,18,5917,24493,30410,17.9029126213592,-47.1844660194175,-33.9417475728155,-10.6019417475728,20.3009708737864,-39.0194174757282
"517","Virginia",2020-05-06,19,5544,36077,41621,17.2477876106195,-44.1150442477876,-33.0176991150442,-7.00884955752212,10.8053097345133,-38.3362831858407
"518","Virginia",2020-05-13,20,6345,41115,47460,19.6896551724138,-49.4827586206897,-31.1724137931034,-7.31034482758621,41.0344827586207,-39.6551724137931
"519","Washington",2020-02-12,7,0,0,0,1.72549019607843,-13.9607843137255,11.8823529411765,2.05882352941176,39.843137254902,8.62745098039216
"520","Washington",2020-02-19,8,0,0,0,-0.643410852713178,0.922480620155039,5.62790697674419,2.1937984496124,38.9302325581395,10.2403100775194
"521","Washington",2020-02-26,9,88,427,515,-1.25,2.28787878787879,10.5454545454545,6.25,32.5378787878788,10
"522","Washington",2020-03-04,10,398,4420,4818,0.251908396946565,-0.900763358778626,6.45801526717557,7.58015267175572,35.4961832061069,5.31297709923664
"523","Washington",2020-03-11,11,1352,22502,23854,3.36764705882353,-7.82352941176471,-2.50735294117647,15.4264705882353,28.0367647058824,-5.29411764705882
"524","Washington",2020-03-18,12,2198,25985,28183,11.2125984251969,-32.0393700787402,-29.9212598425197,1.81889763779528,64.6062992125984,-18.7086614173228
"525","Washington",2020-03-25,13,2869,25085,27954,17.2578125,-45.1484375,-44.2265625,-18.6171875,-9.484375,-39.78125
"526","Washington",2020-04-01,14,2437,26543,28980,17.3875968992248,-48.1395348837209,-39.5891472868217,-13.6976744186047,5.88372093023256,-38.922480620155
"527","Washington",2020-04-08,15,1888,23093,24981,16.4724409448819,-48.3307086614173,-38.6850393700787,-11.1968503937008,33.2677165354331,-34.9606299212598
"528","Washington",2020-04-15,16,1811,24451,26262,15.7606837606838,-45.017094017094,-31.8119658119658,-9.81196581196581,36.1111111111111,-34.4444444444444
"529","Washington",2020-04-22,17,1781,34466,36247,15.8220338983051,-44.1864406779661,-32.4491525423729,-9.39830508474576,17.3728813559322,-35.3220338983051
"530","Washington",2020-04-29,18,1663,34113,35776,13.017094017094,-41.6752136752137,-26.7179487179487,-3.21367521367521,29.5299145299145,-29.3418803418803
"531","Washington",2020-05-06,19,1446,32724,34170,12.1090909090909,-39.2818181818182,-23.7545454545455,4.76363636363636,85.0090909090909,-20.8909090909091
"532","Washington",2020-05-13,20,678,16715,17393,15.1935483870968,-42.6129032258064,-25.4838709677419,-1.51612903225806,45.6774193548387,-28.1290322580645
"533","West Virginia",2020-03-04,10,0,2,2,-0.590909090909091,1.72727272727273,9.86363636363636,7.90909090909091,25.7727272727273,7.59090909090909
"534","West Virginia",2020-03-11,11,0,78,78,1.96,-6.04,1.64,15.72,6.24,2.28
"535","West Virginia",2020-03-18,12,20,530,550,11.36,-29.28,-30.4,4.24,-12.16,-17.8
"536","West Virginia",2020-03-25,13,142,3371,3513,16.28,-43.72,-44.52,-19.08,-4.4,-32.96
"537","West Virginia",2020-04-01,14,250,7666,7916,16.12,-45.12,-40.36,-10.6,-10.04,-30.72
"538","West Virginia",2020-04-08,15,228,4751,4979,17.4,-47.4,-44.8,-17.92,-26.08,-40.76
"539","West Virginia",2020-04-15,16,274,5451,5725,15.75,-44.3333333333333,-37.25,-15.125,-16.6666666666667,-33.1666666666667
"540","West Virginia",2020-04-22,17,165,20127,20292,15.8461538461538,-43.8076923076923,-36.1538461538462,-14.5384615384615,-18.6538461538462,-30.0769230769231
"541","West Virginia",2020-04-29,18,159,11609,11768,12.8,-41.16,-27.12,-5.44,-5.12,-18.16
"542","West Virginia",2020-05-06,19,133,10113,10246,13.4137931034483,-37.6206896551724,-26,-1.31034482758621,-19.2413793103448,-20.8275862068966
"543","West Virginia",2020-05-13,20,138,13094,13232,12.5714285714286,-40.4285714285714,-17.7142857142857,2.14285714285714,8.71428571428571,-14.5714285714286
"544","Wisconsin",2020-03-04,10,2,36,38,-0.426829268292683,2.6219512195122,7.70731707317073,5.09756097560976,25.2317073170732,4.10975609756098
"545","Wisconsin",2020-03-11,11,70,1002,1072,2.05952380952381,-1.46428571428571,-0.285714285714286,17.4285714285714,12.8095238095238,-3.22619047619048
"546","Wisconsin",2020-03-18,12,385,7199,7584,14.2588235294118,-29.3176470588235,-40.2941176470588,-2.61176470588235,8.58823529411765,-27.6
"547","Wisconsin",2020-03-25,13,894,9138,10032,19.0722891566265,-41.289156626506,-52.6626506024096,-24.6746987951807,15.5180722891566,-41.7590361445783
"548","Wisconsin",2020-04-01,14,1227,11137,12364,18.7,-42.8375,-47.9875,-18.175,57.275,-33.0875
"549","Wisconsin",2020-04-08,15,977,9485,10462,19.3456790123457,-46.037037037037,-49.358024691358,-17.7037037037037,36.6666666666667,-36.6049382716049
"550","Wisconsin",2020-04-15,16,1065,9844,10909,18.4615384615385,-41.6410256410256,-42.0641025641026,-15.9230769230769,43.3076923076923,-34.7948717948718
"551","Wisconsin",2020-04-22,17,1669,15694,17363,17.9210526315789,-41.2631578947368,-41.3026315789474,-14.6710526315789,48.1842105263158,-34.7894736842105
"552","Wisconsin",2020-04-29,18,2277,20432,22709,15.9230769230769,-41.1230769230769,-37.2307692307692,-8.67692307692308,68.0769230769231,-32.1538461538462
"553","Wisconsin",2020-05-06,19,2045,28781,30826,15.390625,-38.078125,-35.296875,-1.765625,59.1875,-30.296875
"554","Wisconsin",2020-05-13,20,2274,35489,37763,17.4117647058824,-42.5294117647059,-31.5294117647059,-4.64705882352941,100.764705882353,-28.8235294117647
"555","Wyoming",2020-03-04,10,0,0,0,-1.2,3.9,10.05,14.4,26.95,7.25
"556","Wyoming",2020-03-11,11,10,95,105,1.52380952380952,-2.71428571428571,0.857142857142857,24.7142857142857,4.90476190476191,0.19047619047619
"557","Wyoming",2020-03-18,12,19,615,634,10.65,-25.45,-28.2,9.45,7.1,-10.65
"558","Wyoming",2020-03-25,13,80,1289,1369,13.8421052631579,-33.8421052631579,-36.3157894736842,-7.84210526315789,11.6315789473684,-16.1052631578947
"559","Wyoming",2020-04-01,14,107,1790,1897,14.7,-36.2,-36.35,-7.2,9.25,-18.25
"560","Wyoming",2020-04-08,15,59,1900,1959,14.7,-38.3,-37.6,-8.75,17.6,-21.2
"561","Wyoming",2020-04-15,16,45,1612,1657,15,-34.3157894736842,-32.3157894736842,-10.7894736842105,-1,-20.4210526315789
"562","Wyoming",2020-04-22,17,69,925,994,12.7,-32.9,-25.15,-5.2,47.85,-15.15
"563","Wyoming",2020-04-29,18,207,2093,2300,10.15,-30.5,-19.3,0.35,58.75,-9.05
"564","Wyoming",2020-05-06,19,79,4065,4144,9.73684210526316,-26.3157894736842,-15.7368421052632,7.42105263157895,48.5263157894737,-6.73684210526316
"565","Wyoming",2020-05-13,20,91,2700,2791,11.1666666666667,-29,-12.8333333333333,6.5,47.5,-6
