"","week","date","state","residential","work","retail_rec","grocery_pharmacy","parks","transit"
"1",7,2020-02-12,"Alabama",1.23529411764706,-4.58823529411765,2.97058823529412,0.382352941176471,16.8823529411765,2.26470588235294
"2",8,2020-02-19,"Alabama",0.797297297297297,0.891891891891892,1.2972972972973,0.0675675675675676,4.58108108108108,3.97297297297297
"3",9,2020-02-26,"Alabama",-1.02857142857143,1.27142857142857,12.1857142857143,7,24.1285714285714,11.6857142857143
"4",10,2020-03-04,"Alabama",-0.855072463768116,3.02898550724638,10.695652173913,7.72463768115942,29.9710144927536,9.39130434782609
"5",11,2020-03-11,"Alabama",0.768115942028985,-1.14492753623188,3.50724637681159,22.2753623188406,24.1159420289855,6.63768115942029
"6",12,2020-03-18,"Alabama",10.3380281690141,-24.5633802816901,-27.1267605633803,7.57746478873239,6.73239436619718,-11.9718309859155
"7",13,2020-03-25,"Alabama",13.3384615384615,-34.1230769230769,-35.0461538461538,-6.26153846153846,11.3846153846154,-21.3384615384615
"8",14,2020-04-01,"Alabama",15.0571428571429,-37.8571428571429,-37.7,-2.1,-3.22857142857143,-26.6857142857143
"9",15,2020-04-08,"Alabama",16.056338028169,-41.9718309859155,-40.8028169014084,-12.1408450704225,-12.6901408450704,-31.8591549295775
"10",16,2020-04-15,"Alabama",14.46875,-37.125,-31.109375,-8.828125,-4.21875,-26.484375
"11",17,2020-04-22,"Alabama",14.1846153846154,-36.3846153846154,-29.0615384615385,-6.58461538461538,3.06153846153846,-23.0615384615385
"12",18,2020-04-29,"Alabama",10.8412698412698,-33.5396825396825,-18.7142857142857,2.61904761904762,14.3015873015873,-15.2539682539683
"13",19,2020-05-06,"Alabama",10.1967213114754,-30.4754098360656,-16.5081967213115,8.62295081967213,19.672131147541,-10.0655737704918
"14",20,2020-05-13,"Alabama",10.7333333333333,-30.8666666666667,-8.73333333333333,4.13333333333333,29.7333333333333,-7.53333333333333
"15",7,2020-02-12,"Alaska",2.66666666666667,-10.6666666666667,7.83333333333333,2,17.3333333333333,0.166666666666667
"16",8,2020-02-19,"Alaska",0.214285714285714,2.21428571428571,2.71428571428571,1,3.71428571428571,3
"17",9,2020-02-26,"Alaska",-0.928571428571429,3.57142857142857,11.3571428571429,7.07142857142857,9.07142857142857,8.57142857142857
"18",10,2020-03-04,"Alaska",0.142857142857143,-0.142857142857143,10.7142857142857,7.42857142857143,9.78571428571429,6.71428571428571
"19",11,2020-03-11,"Alaska",2.35714285714286,-7.35714285714286,5.92857142857143,16.5,24.0714285714286,0.428571428571429
"20",12,2020-03-18,"Alaska",10.6428571428571,-25.0714285714286,-28.6428571428571,2.21428571428571,20.6428571428571,-22.7857142857143
"21",13,2020-03-25,"Alaska",17,-42,-43.2142857142857,-16,19.3571428571429,-46.7142857142857
"22",14,2020-04-01,"Alaska",17.7142857142857,-44.0714285714286,-41.3571428571429,-12.7857142857143,11.7857142857143,-47.5714285714286
"23",15,2020-04-08,"Alaska",17.3571428571429,-44.2857142857143,-42.7142857142857,-14.2142857142857,16.4285714285714,-51.2142857142857
"24",16,2020-04-15,"Alaska",16.0714285714286,-40.4285714285714,-31.5,-8.92857142857143,21.7142857142857,-47.4285714285714
"25",17,2020-04-22,"Alaska",14.2307692307692,-38.1538461538462,-26.1538461538462,-7,60.7692307692308,-43.8461538461538
"26",18,2020-04-29,"Alaska",10.7142857142857,-34.7857142857143,-15.5,2.35714285714286,83.2857142857143,-37.5
"27",19,2020-05-06,"Alaska",10.8461538461538,-32.4615384615385,-10.3076923076923,8.15384615384615,102.846153846154,-34.0769230769231
"28",20,2020-05-13,"Alaska",11.75,-33.75,-4,5,131.25,-30.5
"29",7,2020-02-12,"Arizona",1.21212121212121,-10.7878787878788,8.06060606060606,3.75757575757576,29.3939393939394,6.15151515151515
"30",8,2020-02-19,"Arizona",0.333333333333333,0.382716049382716,3.45679012345679,1.71604938271605,10.0493827160494,5.67901234567901
"31",9,2020-02-26,"Arizona",-1,2.12345679012346,9.62962962962963,6.16049382716049,11.4074074074074,7.98765432098765
"32",10,2020-03-04,"Arizona",-1.22222222222222,0.851851851851852,10.6172839506173,8.7283950617284,25.1481481481481,10.037037037037
"33",11,2020-03-11,"Arizona",1.66666666666667,-7.59259259259259,6.16049382716049,16.7530864197531,10.1111111111111,5.45679012345679
"34",12,2020-03-18,"Arizona",9.70886075949367,-27.5443037974684,-23.873417721519,4.30379746835443,-8.77215189873418,-10.8481012658228
"35",13,2020-03-25,"Arizona",12.9625,-35.6,-35.95,-12.6125,-15.15,-25.1
"36",14,2020-04-01,"Arizona",14.1392405063291,-39.8987341772152,-38.9240506329114,-15.2151898734177,-22.3924050632911,-30.253164556962
"37",15,2020-04-08,"Arizona",14.9375,-42.675,-42.0625,-17.475,-28.9875,-33.6625
"38",16,2020-04-15,"Arizona",14.0125,-39.4,-34.475,-15.4,-16.15,-27.4375
"39",17,2020-04-22,"Arizona",13.5375,-39.1625,-32.6625,-12.8,-11.375,-25.65
"40",18,2020-04-29,"Arizona",11.1518987341772,-37.4810126582278,-27.5569620253165,-7.11392405063291,-13.3670886075949,-23.2025316455696
"41",19,2020-05-06,"Arizona",11.3670886075949,-34.6455696202532,-24.2151898734177,-0.873417721518987,-5.35443037974684,-21.1772151898734
"42",20,2020-05-13,"Arizona",11.7391304347826,-36.1739130434783,-20.2608695652174,-2.91304347826087,-1.73913043478261,-17.6521739130435
"43",7,2020-02-12,"Arkansas",1.58823529411765,-5.23529411764706,3.29411764705882,-0.235294117647059,12.5294117647059,0.235294117647059
"44",8,2020-02-19,"Arkansas",0.175,1.425,2.475,-0.625,6.225,0.45
"45",9,2020-02-26,"Arkansas",-1.66666666666667,3,13.7575757575758,7.27272727272727,42.6969696969697,3.42424242424242
"46",10,2020-03-04,"Arkansas",-1.0625,2.96875,12.25,8.53125,62.4375,2.40625
"47",11,2020-03-11,"Arkansas",2.74358974358974,-4.28205128205128,0.58974358974359,16.4615384615385,18.8974358974359,-6.05128205128205
"48",12,2020-03-18,"Arkansas",11.1538461538462,-27.2307692307692,-26.5128205128205,1.28205128205128,14.3846153846154,-20.8717948717949
"49",13,2020-03-25,"Arkansas",13.5151515151515,-35.6060606060606,-33.3030303030303,-12.030303030303,50.6060606060606,-30.030303030303
"50",14,2020-04-01,"Arkansas",14.5526315789474,-37.7631578947368,-32.4210526315789,-6.47368421052632,22.7368421052632,-33.4473684210526
"51",15,2020-04-08,"Arkansas",14.2051282051282,-39.6666666666667,-33.4358974358974,-8.35897435897436,33.8461538461538,-35.6410256410256
"52",16,2020-04-15,"Arkansas",13.4857142857143,-36.4,-24.3428571428571,-5.68571428571429,31.0857142857143,-28.0571428571429
"53",17,2020-04-22,"Arkansas",13.4594594594595,-35.8648648648649,-22.1621621621622,-3.02702702702703,32.4054054054054,-28.4864864864865
"54",18,2020-04-29,"Arkansas",10.5454545454545,-35.0606060606061,-14.969696969697,4.57575757575758,63.9090909090909,-26.5454545454545
"55",19,2020-05-06,"Arkansas",10.3030303030303,-31.969696969697,-11.1212121212121,9.84848484848485,57.4242424242424,-24.7575757575758
"56",20,2020-05-13,"Arkansas",13.5,-35.5,-12.3,2.2,31.7,-27.7
"57",7,2020-02-12,"California",1.92592592592593,-14.3611111111111,7.87037037037037,1.73148148148148,42.3888888888889,0.805555555555556
"58",8,2020-02-19,"California",-0.11969111969112,0.347490347490348,2.54440154440154,0.841698841698842,21.023166023166,1.59073359073359
"59",9,2020-02-26,"California",-0.876923076923077,2.4,6.36538461538461,4.18461538461538,20.4961538461538,4.14230769230769
"60",10,2020-03-04,"California",-0.124031007751938,1.35658914728682,4.91472868217054,6.02713178294574,19.3643410852713,0.693798449612403
"61",11,2020-03-11,"California",4.07169811320755,-7.11698113207547,-3.80754716981132,15.6603773584906,-2.46037735849057,-14.5547169811321
"62",12,2020-03-18,"California",15.4761904761905,-36.4945054945055,-35.043956043956,-3.97802197802198,-10.2124542124542,-36.6410256410256
"63",13,2020-03-25,"California",18.7383512544803,-44.4623655913978,-43.1146953405018,-18.4516129032258,-23.9498207885305,-45.6057347670251
"64",14,2020-04-01,"California",19.0661764705882,-46.5882352941176,-42.3529411764706,-16.3860294117647,-28.8897058823529,-47.6985294117647
"65",15,2020-04-08,"California",19.5888888888889,-48.0703703703704,-45.862962962963,-18.9037037037037,-29.1074074074074,-47.3148148148148
"66",16,2020-04-15,"California",18.2727272727273,-44.2424242424242,-49.7272727272727,-15.7045454545455,-21.8636363636364,-42.8219696969697
"67",17,2020-04-22,"California",17.4656488549618,-43.4618320610687,-51.2022900763359,-12.7328244274809,-13.2824427480916,-40.5114503816794
"68",18,2020-04-29,"California",15.0496183206107,-41.5801526717557,-45.587786259542,-8.4618320610687,-9.01908396946565,-37.118320610687
"69",19,2020-05-06,"California",14.8167938931298,-39.0534351145038,-43.675572519084,-2.32442748091603,-6.0763358778626,-34.7786259541985
"70",20,2020-05-13,"California",17.0921052631579,-43.3289473684211,-42.6710526315789,-7.65789473684211,-10.9078947368421,-36.6184210526316
"71",7,2020-02-12,"Colorado",1.35897435897436,-6.12820512820513,5.43589743589744,2.66666666666667,-3.71794871794872,-0.564102564102564
"72",8,2020-02-19,"Colorado",0.425742574257426,1.8019801980198,-0.0396039603960396,0.643564356435644,-5.72277227722772,0.198019801980198
"73",9,2020-02-26,"Colorado",-0.673469387755102,3.36734693877551,5.78571428571429,5.18367346938776,6.04081632653061,3.38775510204082
"74",10,2020-03-04,"Colorado",-1.08247422680412,3.17525773195876,7.69072164948454,10.2577319587629,40.5051546391753,7.02061855670103
"75",11,2020-03-11,"Colorado",3.18181818181818,-6.25252525252525,-1.91919191919192,19.5353535353535,18.3939393939394,-5.22222222222222
"76",12,2020-03-18,"Colorado",16.0707070707071,-38.6060606060606,-35.8484848484849,-2.04040404040404,-1.09090909090909,-31.9393939393939
"77",13,2020-03-25,"Colorado",19.3510638297872,-47.5957446808511,-45.2553191489362,-19.7234042553191,3.79787234042553,-41.1808510638298
"78",14,2020-04-01,"Colorado",19.9021739130435,-49.7173913043478,-43.8369565217391,-19.5217391304348,3.20652173913043,-41.9239130434783
"79",15,2020-04-08,"Colorado",19.6516853932584,-51.1910112359551,-46.5056179775281,-20.8426966292135,1.07865168539326,-42.9438202247191
"80",16,2020-04-15,"Colorado",19.8837209302326,-48.1395348837209,-41.7209302325581,-21.093023255814,-6.53488372093023,-41.5581395348837
"81",17,2020-04-22,"Colorado",17.8888888888889,-46.6333333333333,-36.6,-16.2555555555556,24.7777777777778,-36.9111111111111
"82",18,2020-04-29,"Colorado",14.6292134831461,-43.8539325842697,-30.2921348314607,-9.02247191011236,38.6179775280899,-32.1460674157303
"83",19,2020-05-06,"Colorado",14.5681818181818,-40.5795454545455,-26.7840909090909,-2.35227272727273,35.1590909090909,-28.8068181818182
"84",20,2020-05-13,"Colorado",16.36,-44.72,-24.96,-5.56,48.84,-27.52
"85",7,2020-02-12,"Connecticut",1.95238095238095,-10.3333333333333,6.76190476190476,-2.42857142857143,13.7142857142857,3.04761904761905
"86",8,2020-02-19,"Connecticut",0.235294117647059,0.215686274509804,3.6078431372549,-1.92156862745098,20.2745098039216,2.66666666666667
"87",9,2020-02-26,"Connecticut",-0.549019607843137,2.88235294117647,5.45098039215686,1.47058823529412,8.88235294117647,0.411764705882353
"88",10,2020-03-04,"Connecticut",-0.58,2.58,6.94,5.26,36.86,1.2
"89",11,2020-03-11,"Connecticut",3.45098039215686,-5.96078431372549,-0.980392156862745,19.5294117647059,33.0980392156863,-13.8627450980392
"90",12,2020-03-18,"Connecticut",15,-33.2745098039216,-34.9803921568627,-0.980392156862745,17.7254901960784,-39.4313725490196
"91",13,2020-03-25,"Connecticut",19.1224489795918,-43.9591836734694,-44.5102040816327,-18.4897959183673,14.3265306122449,-51.5918367346939
"92",14,2020-04-01,"Connecticut",20.1489361702128,-46.8936170212766,-43.2978723404255,-14.5106382978723,21.1702127659574,-53.8297872340426
"93",15,2020-04-08,"Connecticut",21.8260869565217,-51.7173913043478,-47.9565217391304,-21.1086956521739,1.89130434782609,-55.5652173913044
"94",16,2020-04-15,"Connecticut",19.6666666666667,-46.2380952380952,-38.8095238095238,-17.047619047619,21.2142857142857,-53.1666666666667
"95",17,2020-04-22,"Connecticut",20.6190476190476,-46.6428571428571,-41.7619047619048,-20.5238095238095,-3.92857142857143,-51.8095238095238
"96",18,2020-04-29,"Connecticut",17.2105263157895,-43.6315789473684,-30.8421052631579,-12.0263157894737,46.6052631578947,-45.6578947368421
"97",19,2020-05-06,"Connecticut",16.390243902439,-40.3658536585366,-29.7073170731707,-6.17073170731707,33.8780487804878,-43.5121951219512
"98",20,2020-05-13,"Connecticut",18,-45.1818181818182,-26.2727272727273,-9.09090909090909,49.5454545454545,-40.1818181818182
"99",7,2020-02-12,"Delaware",1.11111111111111,-5.44444444444444,10.2222222222222,1.55555555555556,28.3333333333333,12.2222222222222
"100",8,2020-02-19,"Delaware",-0.458333333333333,2.91666666666667,3.83333333333333,0.666666666666667,20.7083333333333,5.75
"101",9,2020-02-26,"Delaware",-0.625,3.16666666666667,7.70833333333333,2.33333333333333,3.79166666666667,1.79166666666667
"102",10,2020-03-04,"Delaware",-0.695652173913043,2.60869565217391,9.04347826086956,4.21739130434783,35.2173913043478,7.04347826086957
"103",11,2020-03-11,"Delaware",1.95652173913043,-3.60869565217391,4.78260869565217,12.7826086956522,33.7826086956522,-3.34782608695652
"104",12,2020-03-18,"Delaware",12.16,-28.64,-26.92,-1.68,23.32,-31.72
"105",13,2020-03-25,"Delaware",17.0833333333333,-40.125,-42.9583333333333,-23.875,-0.875,-45.5
"106",14,2020-04-01,"Delaware",17.4,-42.52,-40.08,-20.48,5.52,-43.48
"107",15,2020-04-08,"Delaware",18.5555555555556,-47.2962962962963,-43.8518518518519,-23.9259259259259,-2,-46.5925925925926
"108",16,2020-04-15,"Delaware",17.56,-42.92,-37.08,-18.64,-4.36,-43.04
"109",17,2020-04-22,"Delaware",17.84,-43.08,-36.6,-18.08,-14.12,-42.28
"110",18,2020-04-29,"Delaware",15.3809523809524,-40.7619047619048,-31.2380952380952,-13.047619047619,15.1904761904762,-34.0952380952381
"111",19,2020-05-06,"Delaware",15.304347826087,-38.3913043478261,-28.1739130434783,-7.21739130434783,1.65217391304348,-33.304347826087
"112",20,2020-05-13,"Delaware",16.1666666666667,-40.6666666666667,-24.5,-7,25.5,-30.6666666666667
"113",7,2020-02-12,"District of Columbia",3,-18,-2,-5,23.6666666666667,-12.6666666666667
"114",8,2020-02-19,"District of Columbia",0.714285714285714,-1.42857142857143,-1.14285714285714,-3.28571428571429,14,0.571428571428571
"115",9,2020-02-26,"District of Columbia",-0.571428571428571,1.71428571428571,1.42857142857143,-2.85714285714286,-2.57142857142857,3
"116",10,2020-03-04,"District of Columbia",-0.285714285714286,1,7.14285714285714,2.85714285714286,11.7142857142857,3.42857142857143
"117",11,2020-03-11,"District of Columbia",5.14285714285714,-13.7142857142857,-15,4,-13,-21.2857142857143
"118",12,2020-03-18,"District of Columbia",19.4285714285714,-52.1428571428571,-51.4285714285714,-15.7142857142857,-28.2857142857143,-62
"119",13,2020-03-25,"District of Columbia",23.4285714285714,-60,-60.2857142857143,-27.5714285714286,-51.1428571428571,-71.2857142857143
"120",14,2020-04-01,"District of Columbia",24.8571428571429,-63,-61.8571428571429,-29.5714285714286,-58.2857142857143,-74.4285714285714
"121",15,2020-04-08,"District of Columbia",25.5714285714286,-64.7142857142857,-66,-35,-65,-75.8571428571429
"122",16,2020-04-15,"District of Columbia",25.1428571428571,-62.8571428571429,-64.2857142857143,-31.8571428571429,-59,-75.2857142857143
"123",17,2020-04-22,"District of Columbia",25.1428571428571,-63.4285714285714,-64.7142857142857,-33.5714285714286,-63.5714285714286,-75.5714285714286
"124",18,2020-04-29,"District of Columbia",22.5714285714286,-60.8571428571429,-61.1428571428571,-27.5714285714286,-53.5714285714286,-73.8571428571429
"125",19,2020-05-06,"District of Columbia",23.1428571428571,-60,-60.5714285714286,-25.7142857142857,-58.1428571428571,-73.1428571428571
"126",20,2020-05-13,"District of Columbia",26,-66.5,-58,-25.5,-48.5,-74.5
"127",7,2020-02-12,"Florida",0.914285714285714,-6.81904761904762,5.98095238095238,1.26666666666667,15.7142857142857,6.12380952380952
"128",8,2020-02-19,"Florida",0.137795275590551,1.08661417322835,4.11417322834646,1.33464566929134,10.5236220472441,5.51968503937008
"129",9,2020-02-26,"Florida",-0.41501976284585,1.58498023715415,7.9802371541502,4.88932806324111,5.60474308300395,7.9802371541502
"130",10,2020-03-04,"Florida",-0.149019607843137,1.30980392156863,6.9921568627451,6.18039215686275,11.4156862745098,6.18039215686275
"131",11,2020-03-11,"Florida",1.564,-4.3,2.564,14.16,20.028,0.244
"132",12,2020-03-18,"Florida",10.2569169960474,-26.9051383399209,-26.6086956521739,2.43873517786561,-6.53359683794466,-25.00395256917
"133",13,2020-03-25,"Florida",14.8730158730159,-37.765873015873,-41.3928571428571,-16.4563492063492,-30.047619047619,-41.7777777777778
"134",14,2020-04-01,"Florida",16.8064516129032,-42.8024193548387,-45.1290322580645,-19.116935483871,-43.0806451612903,-47.2096774193548
"135",15,2020-04-08,"Florida",17.5421686746988,-45.9518072289157,-48.9678714859438,-24.4658634538153,-42.9598393574297,-49.6987951807229
"136",16,2020-04-15,"Florida",16.9183673469388,-42.6163265306122,-44.1591836734694,-21.5959183673469,-44.7918367346939,-47.6530612244898
"137",17,2020-04-22,"Florida",16.2107438016529,-41.7685950413223,-42.0909090909091,-19.5371900826446,-36.9752066115703,-45.1446280991736
"138",18,2020-04-29,"Florida",13.4439834024896,-38.7510373443983,-35.9460580912863,-13.8589211618257,-23.2572614107884,-38.7427385892116
"139",19,2020-05-06,"Florida",12.2798353909465,-34.8353909465021,-29.6460905349794,-8.8559670781893,-15.2222222222222,-33.7119341563786
"140",20,2020-05-13,"Florida",13.1594202898551,-35.5072463768116,-26.536231884058,-11,-10.6376811594203,-30.1594202898551
"141",7,2020-02-12,"Georgia",1.14545454545455,-6.70909090909091,3.78181818181818,-0.309090909090909,8.41818181818182,2.05454545454545
"142",8,2020-02-19,"Georgia",1.13333333333333,-0.881481481481482,0.348148148148148,-0.911111111111111,0.622222222222222,0.251851851851852
"143",9,2020-02-26,"Georgia",-1.2,2.36153846153846,10.9846153846154,6.06923076923077,14.3307692307692,5.13846153846154
"144",10,2020-03-04,"Georgia",-0.333333333333333,1.21138211382114,8.28455284552846,5.79674796747967,20.260162601626,5.01626016260163
"145",11,2020-03-11,"Georgia",1.64615384615385,-4.91538461538462,1.89230769230769,18.3230769230769,23.8846153846154,0.653846153846154
"146",12,2020-03-18,"Georgia",11.4015748031496,-27.6456692913386,-26.0551181102362,4.14173228346457,7.14173228346457,-20.992125984252
"147",13,2020-03-25,"Georgia",15.392,-39.064,-37.024,-9.408,0.784,-32.448
"148",14,2020-04-01,"Georgia",17.3700787401575,-43.9291338582677,-38.9763779527559,-6.7244094488189,-15.5433070866142,-38.0314960629921
"149",15,2020-04-08,"Georgia",18.3095238095238,-47.7936507936508,-42.4285714285714,-14.7142857142857,-13.7698412698413,-40.5952380952381
"150",16,2020-04-15,"Georgia",16.9160305343511,-43.2900763358779,-33.1832061068702,-10.9007633587786,-9.11450381679389,-38.1374045801527
"151",17,2020-04-22,"Georgia",16.3779527559055,-41.5590551181102,-30.7795275590551,-9.41732283464567,-0.0866141732283465,-34.6141732283465
"152",18,2020-04-29,"Georgia",13.3934426229508,-38.8114754098361,-20.8032786885246,-1.59016393442623,12.6393442622951,-27.2786885245902
"153",19,2020-05-06,"Georgia",12.4596774193548,-35.8306451612903,-17.1290322580645,3.08870967741935,15.0645161290323,-25.3790322580645
"154",20,2020-05-13,"Georgia",14.1111111111111,-38.5,-13.6944444444444,0.75,26.1944444444444,-22.3333333333333
"155",7,2020-02-12,"Hawaii",3.30769230769231,-16.3076923076923,3,0.230769230769231,15.3846153846154,5.84615384615385
"156",8,2020-02-19,"Hawaii",-0.0303030303030303,0.333333333333333,1.93939393939394,0.0909090909090909,8.15151515151515,4.60606060606061
"157",9,2020-02-26,"Hawaii",0.181818181818182,0.757575757575758,2.21212121212121,1.27272727272727,1.24242424242424,0.939393939393939
"158",10,2020-03-04,"Hawaii",0.393939393939394,0.818181818181818,0.727272727272727,2.60606060606061,-0.121212121212121,-2.72727272727273
"159",11,2020-03-11,"Hawaii",2.42424242424242,-4.24242424242424,-4.27272727272727,3.6969696969697,-7.48484848484848,-6.39393939393939
"160",12,2020-03-18,"Hawaii",12.6969696969697,-28.1515151515152,-31.2121212121212,-9.03030303030303,-38.7878787878788,-35.2727272727273
"161",13,2020-03-25,"Hawaii",20.2727272727273,-45.0606060606061,-54.1818181818182,-32.7272727272727,-69,-68.4545454545455
"162",14,2020-04-01,"Hawaii",20.3030303030303,-47.2121212121212,-54.1212121212121,-30.3636363636364,-68.3939393939394,-75.6969696969697
"163",15,2020-04-08,"Hawaii",20.9375,-50.25,-57.5625,-33.28125,-70.1875,-76.96875
"164",16,2020-04-15,"Hawaii",20.2121212121212,-46.8787878787879,-57.1212121212121,-34.7878787878788,-67.5151515151515,-76.1212121212121
"165",17,2020-04-22,"Hawaii",19.8181818181818,-46.0606060606061,-55.8181818181818,-34.1515151515151,-65.6363636363636,-75.3030303030303
"166",18,2020-04-29,"Hawaii",16.9393939393939,-43.7575757575758,-52.9090909090909,-29.8787878787879,-61.8484848484849,-73.5757575757576
"167",19,2020-05-06,"Hawaii",16.969696969697,-41.1515151515151,-50.5757575757576,-25.6060606060606,-57.5454545454545,-72.6060606060606
"168",20,2020-05-13,"Hawaii",18,-40,-49.9,-28.8,-58.1,-71.6
"169",7,2020-02-12,"Idaho",0.882352941176471,-6.82352941176471,8,3,20.8823529411765,-0.294117647058824
"170",8,2020-02-19,"Idaho",-0.780487804878049,3.80487804878049,5.24390243902439,3.92682926829268,27.6585365853659,7.85365853658537
"171",9,2020-02-26,"Idaho",-1.53846153846154,3.56410256410256,11.2051282051282,9.12820512820513,38.3589743589744,9.69230769230769
"172",10,2020-03-04,"Idaho",-1.225,3.925,9.675,11.825,44.25,8.75
"173",11,2020-03-11,"Idaho",0.815789473684211,-0.736842105263158,3.26315789473684,25.2105263157895,43.7631578947368,4.21052631578947
"174",12,2020-03-18,"Idaho",8.42105263157895,-24.1315789473684,-19.7368421052632,9.97368421052632,83.7105263157895,-9.81578947368421
"175",13,2020-03-25,"Idaho",14.025641025641,-38.3846153846154,-38.1538461538462,-9.43589743589744,21.8717948717949,-24.2820512820513
"176",14,2020-04-01,"Idaho",15.2926829268293,-42.3658536585366,-38.4634146341463,-10.1707317073171,27.3414634146341,-27.1463414634146
"177",15,2020-04-08,"Idaho",13.6944444444444,-42.2777777777778,-37.5277777777778,-7.05555555555556,76.5,-27.4722222222222
"178",16,2020-04-15,"Idaho",13.7096774193548,-39.7096774193548,-27.7096774193548,-5.48387096774194,82.5806451612903,-25.7741935483871
"179",17,2020-04-22,"Idaho",12.5483870967742,-37.7741935483871,-25.9677419354839,-2.96774193548387,83.4516129032258,-20.258064516129
"180",18,2020-04-29,"Idaho",9.64285714285714,-35,-18.5714285714286,2.5,116.392857142857,-14.3571428571429
"181",19,2020-05-06,"Idaho",8.96,-32.52,-14.36,11.84,118.4,-9.04
"182",20,2020-05-13,"Idaho",12,-35.3333333333333,-12.7777777777778,6.77777777777778,80.5555555555556,-10.8888888888889
"183",7,2020-02-12,"Illinois",1.02127659574468,-4.70212765957447,6.5531914893617,2.17021276595745,9.27659574468085,-0.361702127659574
"184",8,2020-02-19,"Illinois",-0.682692307692308,3.27884615384615,4.31730769230769,3.52884615384615,24.7115384615385,4.52884615384615
"185",9,2020-02-26,"Illinois",-0.742857142857143,2.02857142857143,8.77142857142857,6.55238095238095,23.3047619047619,5.82857142857143
"186",10,2020-03-04,"Illinois",-1.13725490196078,2.87254901960784,9.76470588235294,9.87254901960784,48.4803921568627,6.50980392156863
"187",11,2020-03-11,"Illinois",2.13888888888889,-3.83333333333333,0.675925925925926,28.712962962963,10.3240740740741,-5.65740740740741
"188",12,2020-03-18,"Illinois",14.8108108108108,-35.009009009009,-40.6126126126126,5.03603603603604,-13.7747747747748,-32.4324324324324
"189",13,2020-03-25,"Illinois",18.7962962962963,-45.5833333333333,-47.7037037037037,-14.5185185185185,2.43518518518519,-40.6944444444444
"190",14,2020-04-01,"Illinois",18.3518518518519,-46.4722222222222,-44.5,-8.71296296296296,21.4351851851852,-37.6388888888889
"191",15,2020-04-08,"Illinois",18.9158878504673,-49.4579439252336,-46.6542056074766,-9.49532710280374,13.4766355140187,-38.7289719626168
"192",16,2020-04-15,"Illinois",18.3240740740741,-45.3055555555556,-40.537037037037,-9.17592592592593,13.0092592592593,-35.8888888888889
"193",17,2020-04-22,"Illinois",17.9320388349515,-44.7087378640777,-39.0097087378641,-8.77669902912621,17.4368932038835,-34.4563106796116
"194",18,2020-04-29,"Illinois",15.7272727272727,-43.4040404040404,-33.8181818181818,-3.62626262626263,41.2828282828283,-30.5555555555556
"195",19,2020-05-06,"Illinois",15.7722772277228,-41.5544554455446,-32.8019801980198,1.4950495049505,27.2574257425743,-29.960396039604
"196",20,2020-05-13,"Illinois",18.1538461538462,-46.8846153846154,-31.3076923076923,-3.73076923076923,43.1153846153846,-31.8846153846154
"197",7,2020-02-12,"Indiana",0.727272727272727,-3.96969696969697,8.36363636363636,1.96969696969697,13.3333333333333,6.39393939393939
"198",8,2020-02-19,"Indiana",-0.405405405405405,2.35135135135135,4.58108108108108,1.56756756756757,18.2027027027027,5.36486486486486
"199",9,2020-02-26,"Indiana",-0.350649350649351,1.55844155844156,8.90909090909091,5.07792207792208,14.012987012987,7.24675324675325
"200",10,2020-03-04,"Indiana",-0.96551724137931,2.44827586206897,11.1206896551724,7.08620689655172,42.6724137931034,9.13793103448276
"201",11,2020-03-11,"Indiana",2.02739726027397,-3.72602739726027,-0.452054794520548,17.3561643835616,21.2602739726027,3.61643835616438
"202",12,2020-03-18,"Indiana",11.641975308642,-27.2962962962963,-34,3.16049382716049,5.03703703703704,-13.6172839506173
"203",13,2020-03-25,"Indiana",17.2903225806452,-41.5645161290323,-45,-18.3548387096774,15.4677419354839,-29.2741935483871
"204",14,2020-04-01,"Indiana",16.6885245901639,-43.2131147540984,-41.5737704918033,-14.3770491803279,47.344262295082,-28.1311475409836
"205",15,2020-04-08,"Indiana",18.0606060606061,-47.6060606060606,-44.0606060606061,-15.3484848484848,26.9090909090909,-30.6060606060606
"206",16,2020-04-15,"Indiana",18.4266666666667,-44.3866666666667,-36.3733333333333,-11.24,21.0266666666667,-29.3066666666667
"207",17,2020-04-22,"Indiana",16.6349206349206,-41.6349206349206,-33.6031746031746,-9.52380952380952,34.6190476190476,-26.2222222222222
"208",18,2020-04-29,"Indiana",15.2857142857143,-41.3392857142857,-26.5,-3.66071428571429,50.0357142857143,-19.9285714285714
"209",19,2020-05-06,"Indiana",13.9545454545455,-37.1818181818182,-23.0151515151515,1.09090909090909,35.0151515151515,-14.9545454545455
"210",20,2020-05-13,"Indiana",14,-37,-15.0909090909091,0.636363636363636,66.0909090909091,-17.3636363636364
"211",7,2020-02-12,"Iowa",0.181818181818182,-0.454545454545455,5.95454545454545,13.3636363636364,12.7727272727273,-8.86363636363636
"212",8,2020-02-19,"Iowa",-0.791666666666667,2.58333333333333,4.33333333333333,11.1666666666667,24.9166666666667,-7
"213",9,2020-02-26,"Iowa",-1.22727272727273,3,8.59090909090909,12.9318181818182,28.7727272727273,-4.52272727272727
"214",10,2020-03-04,"Iowa",-1.175,3.5,7.55,17,44.225,-1.175
"215",11,2020-03-11,"Iowa",1.25,-2.6875,0.458333333333333,28,20.3333333333333,-3.5625
"216",12,2020-03-18,"Iowa",12.8510638297872,-29.7021276595745,-38.7234042553191,6.80851063829787,7.91489361702128,-20.4893617021277
"217",13,2020-03-25,"Iowa",15.974358974359,-37.3333333333333,-44.3846153846154,-7.41025641025641,43.5641025641026,-30.6153846153846
"218",14,2020-04-01,"Iowa",16.75,-41.075,-42.275,-0.975,54.375,-31.8
"219",15,2020-04-08,"Iowa",17.047619047619,-44.4523809523809,-48.0476190476191,-9.33333333333333,29.8095238095238,-33.8333333333333
"220",16,2020-04-15,"Iowa",17.4186046511628,-41.6279069767442,-39.2558139534884,-2.18604651162791,42.2558139534884,-32.1627906976744
"221",17,2020-04-22,"Iowa",15.9428571428571,-41.2857142857143,-34.4571428571429,3.2,90.1714285714286,-27.7142857142857
"222",18,2020-04-29,"Iowa",14.09375,-40.8125,-30.46875,8,90.21875,-22.46875
"223",19,2020-05-06,"Iowa",14.6060606060606,-38.1818181818182,-28.5757575757576,15.969696969697,63.6666666666667,-21.2424242424242
"224",20,2020-05-13,"Iowa",16.4285714285714,-41.8571428571429,-26.4285714285714,12.8571428571429,89.8571428571429,-16.8571428571429
"225",7,2020-02-12,"Kansas",0.733333333333333,-3.4,9.46666666666667,1.06666666666667,40.0666666666667,6.86666666666667
"226",8,2020-02-19,"Kansas",-0.564102564102564,3.74358974358974,5.43589743589744,-1.43589743589744,21.8205128205128,3.30769230769231
"227",9,2020-02-26,"Kansas",-1.94594594594595,5.08108108108108,11.1621621621622,4.81081081081081,48.8648648648649,8
"228",10,2020-03-04,"Kansas",-1.72972972972973,4.08108108108108,11.1891891891892,7.2972972972973,63.4324324324324,17.8918918918919
"229",11,2020-03-11,"Kansas",2.0952380952381,-6.40476190476191,1.0952380952381,17.8809523809524,27.7380952380952,5.26190476190476
"230",12,2020-03-18,"Kansas",11.5121951219512,-28,-28.0243902439024,13.2439024390244,33.390243902439,-11.4390243902439
"231",13,2020-03-25,"Kansas",16.775,-41.45,-42.475,-15.625,64.4,-19.925
"232",14,2020-04-01,"Kansas",17.5609756097561,-44.8048780487805,-42.5365853658537,-13.4146341463415,40.0731707317073,-21.4878048780488
"233",15,2020-04-08,"Kansas",17.0277777777778,-46.1388888888889,-40.7777777777778,-13.5,57.1388888888889,-16.1388888888889
"234",16,2020-04-15,"Kansas",15.1111111111111,-39.5925925925926,-32.1111111111111,-10.9259259259259,42.6296296296296,-18.4814814814815
"235",17,2020-04-22,"Kansas",14.1153846153846,-38.7307692307692,-28.9615384615385,-6.61538461538461,63.0384615384615,-15.0769230769231
"236",18,2020-04-29,"Kansas",11.4230769230769,-36.8461538461538,-22,-1.23076923076923,79.4230769230769,-6.76923076923077
"237",19,2020-05-06,"Kansas",10.8518518518519,-32.8148148148148,-18.4814814814815,5.51851851851852,59.962962962963,-4.48148148148148
"238",20,2020-05-13,"Kansas",13.75,-37.25,-19.625,1.25,19.5,-12.125
"239",7,2020-02-12,"Kentucky",1.2,-5.86666666666667,5.73333333333333,0.733333333333333,27.7333333333333,2.2
"240",8,2020-02-19,"Kentucky",0.170731707317073,1.70731707317073,1.14634146341463,1.70731707317073,9.97560975609756,1.14634146341463
"241",9,2020-02-26,"Kentucky",-0.384615384615385,1.61538461538462,9.33333333333333,9,12,4.05128205128205
"242",10,2020-03-04,"Kentucky",-0.861111111111111,1.91666666666667,10.1388888888889,12.6111111111111,50.3611111111111,5.38888888888889
"243",11,2020-03-11,"Kentucky",2.63414634146341,-4.51219512195122,-1.75609756097561,19.390243902439,14.5609756097561,-3.90243902439024
"244",12,2020-03-18,"Kentucky",11.825,-28.025,-31.225,5.675,19.975,-20.75
"245",13,2020-03-25,"Kentucky",15.5555555555556,-40.6666666666667,-38.3333333333333,-8.97222222222222,51.9722222222222,-27.75
"246",14,2020-04-01,"Kentucky",16.9444444444444,-45.3611111111111,-37.6388888888889,-5.05555555555556,36.1111111111111,-30.3611111111111
"247",15,2020-04-08,"Kentucky",17.7179487179487,-47.8717948717949,-42.1282051282051,-10.2564102564103,17.0769230769231,-37.3076923076923
"248",16,2020-04-15,"Kentucky",17.1904761904762,-43.9523809523809,-33.8571428571429,-9.47619047619048,21.5714285714286,-34.9523809523809
"249",17,2020-04-22,"Kentucky",16.4444444444444,-43.8611111111111,-33.1111111111111,-7.80555555555556,24.6944444444444,-31.7777777777778
"250",18,2020-04-29,"Kentucky",14.3823529411765,-42.0882352941176,-26.2352941176471,-0.264705882352941,45.8235294117647,-28.0294117647059
"251",19,2020-05-06,"Kentucky",14.7428571428571,-39.7428571428571,-25.8,2.05714285714286,30.6857142857143,-26.2857142857143
"252",20,2020-05-13,"Kentucky",15.8,-41.5,-22.6,3.2,35,-25.2
"253",7,2020-02-12,"Louisiana",0.138888888888889,0.138888888888889,6,3.97222222222222,11.3888888888889,7.33333333333333
"254",8,2020-02-19,"Louisiana",0.37037037037037,-2.20987654320988,7.61728395061728,3.93827160493827,8.17283950617284,12.4691358024691
"255",9,2020-02-26,"Louisiana",0.0138888888888889,-6.45833333333333,14.4861111111111,8.36111111111111,26.0277777777778,11.8333333333333
"256",10,2020-03-04,"Louisiana",-0.901408450704225,2.46478873239437,10.6056338028169,8.30985915492958,21.8732394366197,6.90140845070423
"257",11,2020-03-11,"Louisiana",1.13888888888889,-1.94444444444444,2.77777777777778,21.5555555555556,18.3611111111111,-0.680555555555556
"258",12,2020-03-18,"Louisiana",12.4444444444444,-27.7777777777778,-33.6172839506173,4.90123456790123,-15.1358024691358,-27.1234567901235
"259",13,2020-03-25,"Louisiana",17.1511627906977,-40.906976744186,-43.593023255814,-15.3023255813953,-19.0813953488372,-36.7558139534884
"260",14,2020-04-01,"Louisiana",17.5903614457831,-42.9518072289157,-41.8313253012048,-9.21686746987952,-21.2048192771084,-41.2650602409639
"261",15,2020-04-08,"Louisiana",17.7738095238095,-46.2619047619048,-45.5,-13.5238095238095,-22.3690476190476,-44.3214285714286
"262",16,2020-04-15,"Louisiana",16.2790697674419,-40.5348837209302,-36.6511627906977,-10.9302325581395,-20.2325581395349,-37.7093023255814
"263",17,2020-04-22,"Louisiana",15.2926829268293,-39.280487804878,-32.3658536585366,-7.60975609756098,-9.0609756097561,-34.0853658536585
"264",18,2020-04-29,"Louisiana",12.9620253164557,-37.1139240506329,-27.5316455696203,-2.49367088607595,-6.84810126582278,-30.379746835443
"265",19,2020-05-06,"Louisiana",12.7236842105263,-34.8947368421053,-25.5789473684211,3.48684210526316,-5.36842105263158,-27.9473684210526
"266",20,2020-05-13,"Louisiana",13.8,-37.7,-21.1,-0.35,4.7,-24.55
"267",7,2020-02-12,"Maine",2.15384615384615,-12.6153846153846,15.1538461538462,3.84615384615385,24.5384615384615,20.2307692307692
"268",8,2020-02-19,"Maine",1.23529411764706,-5.23529411764706,6.05882352941176,0,12.5882352941176,15.2647058823529
"269",9,2020-02-26,"Maine",0.151515151515152,1.60606060606061,7.45454545454545,2.42424242424242,6.15151515151515,11.6060606060606
"270",10,2020-03-04,"Maine",-0.606060606060606,2.81818181818182,11.7575757575758,5.87878787878788,31.4242424242424,15.1212121212121
"271",11,2020-03-11,"Maine",2.17647058823529,-1.85294117647059,2.41176470588235,19.9117647058824,21.1470588235294,0.941176470588235
"272",12,2020-03-18,"Maine",13.0294117647059,-30.0588235294118,-34.5588235294118,-1.41176470588235,14.5588235294118,-27.4411764705882
"273",13,2020-03-25,"Maine",16.6,-40.0857142857143,-45.0857142857143,-16.8285714285714,8.62857142857143,-45.4571428571429
"274",14,2020-04-01,"Maine",17.8,-43.6285714285714,-47.4,-18.1142857142857,-0.171428571428571,-51.9142857142857
"275",15,2020-04-08,"Maine",16.7714285714286,-47.4,-50.0285714285714,-23,-5.37142857142857,-51.7142857142857
"276",16,2020-04-15,"Maine",16.4117647058824,-43,-37.9411764705882,-15,24.8529411764706,-47.9117647058824
"277",17,2020-04-22,"Maine",16.0571428571429,-41.3714285714286,-39.0285714285714,-15.7428571428571,19.1714285714286,-47.1428571428571
"278",18,2020-04-29,"Maine",13.7058823529412,-39.0294117647059,-31.7647058823529,-9.17647058823529,39.0588235294118,-40.3235294117647
"279",19,2020-05-06,"Maine",13.3529411764706,-36.2647058823529,-28.7058823529412,-4.73529411764706,38.9117647058824,-37.7058823529412
"280",20,2020-05-13,"Maine",14.6,-39.7,-24.8,-3.4,58.5,-32.2
"281",7,2020-02-12,"Maryland",2,-10.7272727272727,5.27272727272727,-0.515151515151515,25.6666666666667,0.757575757575758
"282",8,2020-02-19,"Maryland",-0.313253012048193,2.85542168674699,2.27710843373494,0.036144578313253,26.8433734939759,4.01204819277108
"283",9,2020-02-26,"Maryland",-0.345238095238095,2.92857142857143,4.10714285714286,0.392857142857143,9.15476190476191,1.79761904761905
"284",10,2020-03-04,"Maryland",-0.615384615384615,2.75641025641026,5.79487179487179,3.57692307692308,49.3846153846154,3.23076923076923
"285",11,2020-03-11,"Maryland",3.15189873417722,-5.73417721518987,-0.822784810126582,10.8354430379747,38.873417721519,-6.88607594936709
"286",12,2020-03-18,"Maryland",15.3571428571429,-35.6309523809524,-29.9880952380952,-4.94047619047619,34.6309523809524,-33.3571428571429
"287",13,2020-03-25,"Maryland",19.8072289156627,-46.1686746987952,-40.2650602409639,-19.9156626506024,20.6144578313253,-44.8795180722892
"288",14,2020-04-01,"Maryland",21.8588235294118,-50.5529411764706,-44.6823529411765,-25.0235294117647,8.21176470588235,-47.6705882352941
"289",15,2020-04-08,"Maryland",22.6987951807229,-53.2771084337349,-45.2289156626506,-24.5180722891566,7.63855421686747,-51.0120481927711
"290",16,2020-04-15,"Maryland",21.8,-50.6133333333333,-39.8533333333333,-20.8,11.8,-49.8133333333333
"291",17,2020-04-22,"Maryland",22.0769230769231,-50.7307692307692,-40.5897435897436,-21.974358974359,1.42307692307692,-49.0384615384615
"292",18,2020-04-29,"Maryland",20.2112676056338,-49.6760563380282,-36.6901408450704,-18.1408450704225,32.5915492957746,-45.2253521126761
"293",19,2020-05-06,"Maryland",19.5866666666667,-46.5333333333333,-34.44,-14.3733333333333,24.3066666666667,-44.6133333333333
"294",20,2020-05-13,"Maryland",20.5263157894737,-50.3684210526316,-31,-12.7368421052632,67.6315789473684,-43.2105263157895
"295",7,2020-02-12,"Massachusetts",2.40625,-12.96875,7.625,-3,15.53125,-4.34375
"296",8,2020-02-19,"Massachusetts",1.08974358974359,-4.84615384615385,3.57692307692308,-2.93589743589744,20.9871794871795,1.64102564102564
"297",9,2020-02-26,"Massachusetts",-0.3625,2.8125,6.0875,0.8625,6.225,4.7625
"298",10,2020-03-04,"Massachusetts",-0.434210526315789,1.94736842105263,7.85526315789474,4.65789473684211,38.4210526315789,3.11842105263158
"299",11,2020-03-11,"Massachusetts",4.09210526315789,-7.32894736842105,-2.30263157894737,18.1315789473684,28.1973684210526,-12.6973684210526
"300",12,2020-03-18,"Massachusetts",16.3289473684211,-37.7631578947368,-36.6052631578947,-2.46052631578947,21.2105263157895,-43.9868421052632
"301",13,2020-03-25,"Massachusetts",21.0933333333333,-49.7066666666667,-49.6533333333333,-22.3466666666667,19.2533333333333,-57.7466666666667
"302",14,2020-04-01,"Massachusetts",21.9324324324324,-52.1216216216216,-48.5,-18.6891891891892,15.7162162162162,-57.4864864864865
"303",15,2020-04-08,"Massachusetts",23.0133333333333,-54.9866666666667,-52.1866666666667,-24.5466666666667,5.04,-60.1733333333333
"304",16,2020-04-15,"Massachusetts",21.8378378378378,-52.527027027027,-46.6351351351351,-22.1486486486486,19.7162162162162,-56.9189189189189
"305",17,2020-04-22,"Massachusetts",22.1891891891892,-52.1621621621622,-46.9054054054054,-24.3648648648649,2.44594594594595,-58.1621621621622
"306",18,2020-04-29,"Massachusetts",19.3380281690141,-49.7323943661972,-39.9577464788732,-16.7746478873239,43.9014084507042,-50.4366197183099
"307",19,2020-05-06,"Massachusetts",18.5194805194805,-45.9480519480519,-37.8441558441558,-12.0649350649351,30.9090909090909,-48.2077922077922
"308",20,2020-05-13,"Massachusetts",20.65,-51.4,-34.2,-13.15,53.75,-47.2
"309",7,2020-02-12,"Michigan",0.695652173913043,-2.28260869565217,5.67391304347826,-0.195652173913043,17.8478260869565,4.69565217391304
"310",8,2020-02-19,"Michigan",-0.105769230769231,1.73076923076923,3.86538461538462,-0.730769230769231,27.2596153846154,6.32692307692308
"311",9,2020-02-26,"Michigan",0.527777777777778,-0.731481481481482,6.06481481481481,0.25,13.3518518518519,5.87962962962963
"312",10,2020-03-04,"Michigan",-0.774509803921569,2.27450980392157,10.9705882352941,3.81372549019608,45.421568627451,8.67647058823529
"313",11,2020-03-11,"Michigan",2.75238095238095,-4.04761904761905,-2.07619047619048,16.6571428571429,36.0095238095238,-1.37142857142857
"314",12,2020-03-18,"Michigan",13.688679245283,-32.6320754716981,-38.188679245283,0.792452830188679,25.6981132075472,-25.6792452830189
"315",13,2020-03-25,"Michigan",21.8878504672897,-53.607476635514,-57.785046728972,-27.7102803738318,20.6355140186916,-46.803738317757
"316",14,2020-04-01,"Michigan",21.8252427184466,-56.0485436893204,-53.1359223300971,-22.621359223301,56.4466019417476,-45.5145631067961
"317",15,2020-04-08,"Michigan",22.8796296296296,-58.2685185185185,-57.6203703703704,-26,24.7037037037037,-51.3518518518519
"318",16,2020-04-15,"Michigan",22.2897196261682,-54.3084112149533,-50.7663551401869,-22.5981308411215,25.196261682243,-48.5700934579439
"319",17,2020-04-22,"Michigan",21.5145631067961,-53.2621359223301,-46.6504854368932,-20.873786407767,36.2330097087379,-45.3106796116505
"320",18,2020-04-29,"Michigan",18.4395604395604,-51.6813186813187,-36.5384615384615,-13.7472527472527,85.1538461538462,-37.9120879120879
"321",19,2020-05-06,"Michigan",17.2264150943396,-46.4716981132075,-34.2547169811321,-7.43396226415094,56.8207547169811,-33.0943396226415
"322",20,2020-05-13,"Michigan",17.8571428571429,-49.2857142857143,-27.1071428571429,-6.64285714285714,118,-29.0714285714286
"323",7,2020-02-12,"Minnesota",1.42307692307692,-6.65384615384615,6.96153846153846,2.11538461538462,8.57692307692308,-1.92307692307692
"324",8,2020-02-19,"Minnesota",-0.338709677419355,2.01612903225806,2.08064516129032,2.85483870967742,3.95161290322581,1.90322580645161
"325",9,2020-02-26,"Minnesota",-0.73015873015873,3.15873015873016,6.84126984126984,5.65079365079365,3.19047619047619,1.20634920634921
"326",10,2020-03-04,"Minnesota",-0.245901639344262,0.60655737704918,7.01639344262295,6.67213114754098,15.3770491803279,-2.31147540983607
"327",11,2020-03-11,"Minnesota",3.15873015873016,-5.73015873015873,-0.0793650793650794,14.2698412698413,-0.174603174603175,-11.3015873015873
"328",12,2020-03-18,"Minnesota",15.4838709677419,-32.6612903225806,-38.4354838709677,-3.58064516129032,10.3548387096774,-36.9032258064516
"329",13,2020-03-25,"Minnesota",19.6935483870968,-44.0806451612903,-47.3064516129032,-19.4838709677419,26.258064516129,-47.9032258064516
"330",14,2020-04-01,"Minnesota",21.2096774193548,-48.5,-46.9516129032258,-18.5483870967742,40.5161290322581,-46.4032258064516
"331",15,2020-04-08,"Minnesota",20.9677419354839,-50.8064516129032,-48.6129032258064,-19,28.1129032258065,-47.2741935483871
"332",16,2020-04-15,"Minnesota",20.2372881355932,-46.8135593220339,-41.6610169491525,-14.8983050847458,30.8305084745763,-42.0169491525424
"333",17,2020-04-22,"Minnesota",18.3035714285714,-46.3214285714286,-37.25,-10.9107142857143,92.5535714285714,-36.4821428571429
"334",18,2020-04-29,"Minnesota",16.2413793103448,-45.1206896551724,-33.1724137931034,-5.3448275862069,85.2758620689655,-32.1551724137931
"335",19,2020-05-06,"Minnesota",16.4727272727273,-42.8545454545455,-31.6727272727273,0.327272727272727,77.1272727272727,-30.6363636363636
"336",20,2020-05-13,"Minnesota",19.1176470588235,-47.2941176470588,-30.0588235294118,-2.94117647058824,87.5294117647059,-33.5882352941176
"337",7,2020-02-12,"Mississippi",1.10526315789474,-4.63157894736842,5.15789473684211,3.21052631578947,6.63157894736842,3.36842105263158
"338",8,2020-02-19,"Mississippi",0.531914893617021,-0.276595744680851,2.51063829787234,0.893617021276596,2.36170212765957,7.12765957446809
"339",9,2020-02-26,"Mississippi",-1.31428571428571,-0.571428571428571,18,9.17142857142857,23.0285714285714,14.0857142857143
"340",10,2020-03-04,"Mississippi",-0.842105263157895,-0.736842105263158,13.8421052631579,8.21052631578947,21.4473684210526,12.5789473684211
"341",11,2020-03-11,"Mississippi",1.05263157894737,-7.52631578947368,8.55263157894737,22.5526315789474,31.4736842105263,8.18421052631579
"342",12,2020-03-18,"Mississippi",9.81395348837209,-25.0232558139535,-20.8837209302326,10.8139534883721,8.7906976744186,-11.2093023255814
"343",13,2020-03-25,"Mississippi",12.9268292682927,-33.4878048780488,-31.2926829268293,-7.19512195121951,10.7560975609756,-19.3170731707317
"344",14,2020-04-01,"Mississippi",15.1627906976744,-39.3023255813954,-33.9302325581395,-4.23255813953488,-12.3488372093023,-27.5581395348837
"345",15,2020-04-08,"Mississippi",17.125,-44.4375,-37.7916666666667,-10.9583333333333,-24.1041666666667,-32.875
"346",16,2020-04-15,"Mississippi",15.1276595744681,-39.1914893617021,-27.4893617021277,-8,-17.5106382978723,-25.063829787234
"347",17,2020-04-22,"Mississippi",13.7916666666667,-37.1458333333333,-23.5208333333333,-5,-3.8125,-23.5208333333333
"348",18,2020-04-29,"Mississippi",11.1063829787234,-34.4893617021277,-15.9148936170213,2.12765957446809,6.80851063829787,-17.4468085106383
"349",19,2020-05-06,"Mississippi",10.4418604651163,-31.5116279069767,-10.8604651162791,8.69767441860465,15.4186046511628,-12.7209302325581
"350",20,2020-05-13,"Mississippi",10.4,-31.7,-2.5,7.1,20.9,-3.9
"351",7,2020-02-12,"Missouri",0.911764705882353,-2.61764705882353,7.73529411764706,4.11764705882353,27.6470588235294,-1.14705882352941
"352",8,2020-02-19,"Missouri",-0.512820512820513,4.94871794871795,4.26923076923077,3.1025641025641,22.8205128205128,3.94871794871795
"353",9,2020-02-26,"Missouri",-1.34210526315789,4.94736842105263,10.6052631578947,5.64473684210526,33.0789473684211,7.46052631578947
"354",10,2020-03-04,"Missouri",-1.52238805970149,4.82089552238806,11.9701492537313,9.01492537313433,67.0149253731343,9.23880597014925
"355",11,2020-03-11,"Missouri",1.72368421052632,-2.26315789473684,2.47368421052632,21.4473684210526,14.8947368421053,1.32894736842105
"356",12,2020-03-18,"Missouri",11.4675324675325,-27.8571428571429,-28.6363636363636,12.4675324675325,-0.896103896103896,-14.8831168831169
"357",13,2020-03-25,"Missouri",16.3521126760563,-41.3521126760563,-42.5352112676056,-13.887323943662,40.7464788732394,-26.0704225352113
"358",14,2020-04-01,"Missouri",16.961038961039,-43.4155844155844,-41.8181818181818,-4.38961038961039,13.2727272727273,-29.3636363636364
"359",15,2020-04-08,"Missouri",17.4507042253521,-47.169014084507,-44.7746478873239,-12.6478873239437,14.8028169014085,-31.8028169014085
"360",16,2020-04-15,"Missouri",16.7428571428571,-43.5142857142857,-35.7142857142857,-10.6571428571429,19.9571428571429,-27.2857142857143
"361",17,2020-04-22,"Missouri",16.0757575757576,-42.7878787878788,-33.3939393939394,-9.07575757575758,31.2575757575758,-24.9090909090909
"362",18,2020-04-29,"Missouri",13.2615384615385,-40.6769230769231,-27.2153846153846,-3.67692307692308,43.7846153846154,-19.4153846153846
"363",19,2020-05-06,"Missouri",12.1492537313433,-36.4925373134328,-18.3731343283582,4.6865671641791,45.1641791044776,-14.8805970149254
"364",20,2020-05-13,"Missouri",15.0952380952381,-40.6666666666667,-16.7142857142857,0.19047619047619,12.7142857142857,-14.1428571428571
"365",7,2020-02-12,"Montana",1.2,-7.4,6.66666666666667,1.93333333333333,7.6,2.2
"366",8,2020-02-19,"Montana",-0.527777777777778,2.69444444444444,4.36111111111111,2.80555555555556,3.47222222222222,4.11111111111111
"367",9,2020-02-26,"Montana",-1.08571428571429,3.22857142857143,10.6,5.54285714285714,9.02857142857143,7.71428571428571
"368",10,2020-03-04,"Montana",-0.742857142857143,2.65714285714286,9.4,7.74285714285714,14.8285714285714,6.97142857142857
"369",11,2020-03-11,"Montana",1.92105263157895,-4.07894736842105,-1.78947368421053,15.2631578947368,-6.02631578947368,-1.42105263157895
"370",12,2020-03-18,"Montana",10.0857142857143,-29.0571428571429,-33.4857142857143,-0.6,28.6571428571429,-21.3714285714286
"371",13,2020-03-25,"Montana",14.4571428571429,-38.1714285714286,-43.5142857142857,-13.9428571428571,12.0285714285714,-38.2
"372",14,2020-04-01,"Montana",16.6388888888889,-42.5833333333333,-46.4444444444444,-18.5,-0.222222222222222,-45.6944444444444
"373",15,2020-04-08,"Montana",15.6060606060606,-43.5151515151515,-44.2121212121212,-15.1515151515152,23.2121212121212,-43.4848484848485
"374",16,2020-04-15,"Montana",14.0277777777778,-39.0277777777778,-39.7222222222222,-9.22222222222222,23.5277777777778,-37.1388888888889
"375",17,2020-04-22,"Montana",12.4571428571429,-37.3714285714286,-36.1714285714286,-1.02857142857143,44.4857142857143,-31.5142857142857
"376",18,2020-04-29,"Montana",8.70588235294118,-32.3823529411765,-25,8.79411764705882,63.2647058823529,-25.9705882352941
"377",19,2020-05-06,"Montana",8.15151515151515,-27.969696969697,-16.4545454545455,12.8787878787879,47.3030303030303,-21.0909090909091
"378",20,2020-05-13,"Montana",11,-29.5,-15,6.1,28.4,-23.5
"379",7,2020-02-12,"Nebraska",0.666666666666667,-3.66666666666667,10.9166666666667,4.5,42.1666666666667,-1.58333333333333
"380",8,2020-02-19,"Nebraska",-0.821428571428571,2.85714285714286,5.42857142857143,2.57142857142857,35.7857142857143,3.5
"381",9,2020-02-26,"Nebraska",-1.53571428571429,3.28571428571429,11.0714285714286,6.53571428571429,45.1785714285714,6.39285714285714
"382",10,2020-03-04,"Nebraska",-1.18518518518519,1.44444444444444,10.1111111111111,9.62962962962963,57.6666666666667,8.62962962962963
"383",11,2020-03-11,"Nebraska",3.57142857142857,-7.85714285714286,-1.67857142857143,17.0357142857143,19.0714285714286,-3.07142857142857
"384",12,2020-03-18,"Nebraska",13.4814814814815,-28.2962962962963,-33.3333333333333,0.333333333333333,13.2592592592593,-15.2592592592593
"385",13,2020-03-25,"Nebraska",14.9166666666667,-34.875,-37.125,-10.4583333333333,57.0416666666667,-20
"386",14,2020-04-01,"Nebraska",16.44,-38.68,-38.44,-7.76,43.24,-23.8
"387",15,2020-04-08,"Nebraska",17.4074074074074,-44.1111111111111,-40.962962962963,-11.3703703703704,35.1481481481481,-25.1111111111111
"388",16,2020-04-15,"Nebraska",17.3333333333333,-39.6666666666667,-33.7777777777778,-10.2592592592593,31.8888888888889,-20.8148148148148
"389",17,2020-04-22,"Nebraska",14.6521739130435,-37.9565217391304,-29.4347826086957,-6.30434782608696,73.695652173913,-16.0869565217391
"390",18,2020-04-29,"Nebraska",13.1666666666667,-36.75,-24.9583333333333,-2.20833333333333,79.8333333333333,-13.5
"391",19,2020-05-06,"Nebraska",13.1666666666667,-34.0416666666667,-20.4583333333333,4.04166666666667,56.375,-12.2083333333333
"392",20,2020-05-13,"Nebraska",17,-40.8571428571429,-20.8571428571429,-2.14285714285714,38.4285714285714,-12.5714285714286
"393",7,2020-02-12,"Nevada",1.6,-9.2,5.4,3.3,25.3,-0.2
"394",8,2020-02-19,"Nevada",-0.142857142857143,0.666666666666667,2.47619047619048,2.0952380952381,14,3
"395",9,2020-02-26,"Nevada",-0.409090909090909,0.772727272727273,6.45454545454545,7.54545454545455,9.77272727272727,2.77272727272727
"396",10,2020-03-04,"Nevada",-0.318181818181818,0.772727272727273,4.54545454545455,10.4545454545455,14.7272727272727,0.545454545454545
"397",11,2020-03-11,"Nevada",2.66666666666667,-5.61904761904762,-1.57142857142857,17.2857142857143,0.80952380952381,-10.7619047619048
"398",12,2020-03-18,"Nevada",14.952380952381,-40.3333333333333,-35.2857142857143,-3.28571428571429,-22.952380952381,-45.1428571428571
"399",13,2020-03-25,"Nevada",17.8260869565217,-48.304347826087,-40.9130434782609,-16.0869565217391,-29.8695652173913,-54.8260869565217
"400",14,2020-04-01,"Nevada",18.2916666666667,-50.7916666666667,-39.875,-13.375,-30.1666666666667,-56.25
"401",15,2020-04-08,"Nevada",18.6,-52.12,-43.12,-17.12,-30.08,-53.52
"402",16,2020-04-15,"Nevada",17.9565217391304,-50.0869565217391,-39.6086956521739,-15.695652173913,-20.8695652173913,-52.0869565217391
"403",17,2020-04-22,"Nevada",17.5909090909091,-50.0454545454545,-38.6363636363636,-13.1363636363636,-11.0909090909091,-50.9090909090909
"404",18,2020-04-29,"Nevada",15.4285714285714,-48.9047619047619,-35.7619047619048,-6.23809523809524,-8.38095238095238,-50.6190476190476
"405",19,2020-05-06,"Nevada",15.1904761904762,-45.7619047619048,-32.9047619047619,-1.38095238095238,-4.33333333333333,-48
"406",20,2020-05-13,"Nevada",16.6666666666667,-45.1666666666667,-28.1666666666667,-3.33333333333333,-14.5,-44.5
"407",7,2020-02-12,"New Hampshire",1.28571428571429,-4.85714285714286,10.9285714285714,2.42857142857143,24.5714285714286,9.92857142857143
"408",8,2020-02-19,"New Hampshire",0.424242424242424,-0.363636363636364,2.3030303030303,-1.78787878787879,29.0606060606061,14.969696969697
"409",9,2020-02-26,"New Hampshire",0.636363636363636,-4.75757575757576,4.87878787878788,-1.03030303030303,5.12121212121212,8.03030303030303
"410",10,2020-03-04,"New Hampshire",-0.303030303030303,2.57575757575758,6.09090909090909,3.39393939393939,35.0606060606061,6.75757575757576
"411",11,2020-03-11,"New Hampshire",2.85714285714286,-3.65714285714286,0.857142857142857,19.7714285714286,17.8857142857143,-4.97142857142857
"412",12,2020-03-18,"New Hampshire",14.4285714285714,-31.3142857142857,-33.6,3.74285714285714,17.8285714285714,-28.7428571428571
"413",13,2020-03-25,"New Hampshire",18.6666666666667,-42.3636363636364,-44.2727272727273,-15.3636363636364,11.030303030303,-44.5454545454545
"414",14,2020-04-01,"New Hampshire",19.9714285714286,-45.8857142857143,-44.4857142857143,-17,10.7142857142857,-47.9428571428571
"415",15,2020-04-08,"New Hampshire",20.71875,-48.46875,-46.125,-21,2.25,-51
"416",16,2020-04-15,"New Hampshire",18.8846153846154,-44.9230769230769,-37.2692307692308,-17.1923076923077,17.7692307692308,-48.9230769230769
"417",17,2020-04-22,"New Hampshire",18.4444444444444,-44.1111111111111,-37.7407407407407,-17.037037037037,5.03703703703704,-48.8148148148148
"418",18,2020-04-29,"New Hampshire",16,-42.1851851851852,-30.4814814814815,-11,33.7407407407407,-42.3703703703704
"419",19,2020-05-06,"New Hampshire",16.2222222222222,-39.8518518518519,-28.2962962962963,-5.88888888888889,24.7037037037037,-38.8888888888889
"420",20,2020-05-13,"New Hampshire",17,-42.375,-22.25,-5.5,47,-31.125
"421",7,2020-02-12,"New Jersey",2.26415094339623,-10.6415094339623,7.81132075471698,-1.71698113207547,27.9811320754717,0.754716981132076
"422",8,2020-02-19,"New Jersey",-0.0833333333333333,2.08333333333333,2.83333333333333,0.136363636363636,30.9469696969697,4.34848484848485
"423",9,2020-02-26,"New Jersey",-0.371212121212121,2.62878787878788,4.95454545454545,1.87878787878788,11.2575757575758,3.00757575757576
"424",10,2020-03-04,"New Jersey",-0.238095238095238,2.38095238095238,6.91269841269841,6.3968253968254,47.6507936507937,3.95238095238095
"425",11,2020-03-11,"New Jersey",4.015625,-6.734375,-0.0234375,17.0625,43.671875,-11.1640625
"426",12,2020-03-18,"New Jersey",18.0227272727273,-39.7651515151515,-39.8106060606061,-8.62878787878788,15.6439393939394,-42.2272727272727
"427",13,2020-03-25,"New Jersey",22.719696969697,-51.8030303030303,-50.0833333333333,-25.0378787878788,3.84848484848485,-54.6893939393939
"428",14,2020-04-01,"New Jersey",23.6212121212121,-54.469696969697,-54.9545454545455,-8.81060606060606,11.8560606060606,-52.8939393939394
"429",15,2020-04-08,"New Jersey",25.1590909090909,-58.3257575757576,-61.530303030303,-13.3787878787879,-15.5075757575758,-58.3257575757576
"430",16,2020-04-15,"New Jersey",23.496,-53.744,-56.088,-20.984,-13.832,-55.576
"431",17,2020-04-22,"New Jersey",23.2992125984252,-52.4488188976378,-56.7165354330709,-22.2834645669291,-21.1574803149606,-55.1181102362205
"432",18,2020-04-29,"New Jersey",21.2181818181818,-50.8727272727273,-50.0909090909091,-15.9272727272727,23.3,-48.9
"433",19,2020-05-06,"New Jersey",20.2583333333333,-47.05,-47.7666666666667,-11.4,20.9166666666667,-48.1833333333333
"434",20,2020-05-13,"New Jersey",21.6969696969697,-51.4848484848485,-44.4848484848485,-11.0606060606061,53.5454545454545,-46.5454545454545
"435",7,2020-02-12,"New Mexico",0.576923076923077,-8.07692307692308,7.34615384615385,8.5,35.1153846153846,3.53846153846154
"436",8,2020-02-19,"New Mexico",-0.290322580645161,1.98387096774194,2.7741935483871,5.45161290322581,6.25806451612903,3.48387096774194
"437",9,2020-02-26,"New Mexico",-1.62903225806452,3.16129032258065,11.4838709677419,12.8870967741935,18.3387096774194,8.70967741935484
"438",10,2020-03-04,"New Mexico",-1.2741935483871,2.51612903225806,11.0645161290323,14.6612903225806,26.5967741935484,8.30645161290323
"439",11,2020-03-11,"New Mexico",1.45161290322581,-4.96774193548387,3.67741935483871,26.8064516129032,24.2258064516129,3.37096774193548
"440",12,2020-03-18,"New Mexico",10.7258064516129,-27.8548387096774,-23.8387096774194,14.3870967741935,1.30645161290323,-15.9677419354839
"441",13,2020-03-25,"New Mexico",16.1,-40.0833333333333,-40.1333333333333,-11.7333333333333,-13.5666666666667,-32.2666666666667
"442",14,2020-04-01,"New Mexico",15.8166666666667,-41.1,-34.95,-3.88333333333333,-4.21666666666667,-27.75
"443",15,2020-04-08,"New Mexico",17.1639344262295,-44.1147540983607,-40.2786885245902,-8.54098360655738,-14.8196721311475,-35.0327868852459
"444",16,2020-04-15,"New Mexico",15.9,-40.05,-32.3833333333333,-6.26666666666667,-10.8333333333333,-32.75
"445",17,2020-04-22,"New Mexico",15.2622950819672,-39.7213114754098,-29.5245901639344,-2.21311475409836,-2.95081967213115,-32.1311475409836
"446",18,2020-04-29,"New Mexico",13,-38.3934426229508,-24.7704918032787,4.22950819672131,2.81967213114754,-28.9508196721311
"447",19,2020-05-06,"New Mexico",13.0983606557377,-35.672131147541,-25.1639344262295,9.45901639344262,4.83606557377049,-25.8852459016393
"448",20,2020-05-13,"New Mexico",14.8888888888889,-38.8333333333333,-21.5,5.33333333333333,14.3333333333333,-23.1666666666667
"449",7,2020-02-12,"New York",2.21621621621622,-10.7972972972973,7.45945945945946,-2.71621621621622,22.5405405405405,2.13513513513514
"450",8,2020-02-19,"New York",1.01204819277108,-3.63855421686747,3.56626506024096,-2.19277108433735,20.2409638554217,3.09036144578313
"451",9,2020-02-26,"New York",-0.176136363636364,3.35795454545455,5.03977272727273,1.4375,3.51136363636364,2.64204545454545
"452",10,2020-03-04,"New York",-0.36875,3.35,7.50625,6.45625,39.025,4.63125
"453",11,2020-03-11,"New York",3.48484848484848,-5.45454545454545,-2.53333333333333,18.769696969697,28.4060606060606,-9.29090909090909
"454",12,2020-03-18,"New York",16.6,-37.5875,-40.21875,-3.175,15.1625,-40.3375
"455",13,2020-03-25,"New York",21.7515151515152,-51.1030303030303,-51.8848484848485,-21.6484848484848,5.41818181818182,-53.6242424242424
"456",14,2020-04-01,"New York",22.6772151898734,-54.3544303797468,-50.5822784810127,-19.1708860759494,22.2025316455696,-55.3860759493671
"457",15,2020-04-08,"New York",23.840490797546,-57.0490797546012,-62.2944785276074,-11.6196319018405,3.69325153374233,-57.4846625766871
"458",16,2020-04-15,"New York",22.5222929936306,-53.2101910828025,-57.1082802547771,-19.4777070063694,11.5477707006369,-55.5477707006369
"459",17,2020-04-22,"New York",22.4085365853659,-52.3658536585366,-57.0853658536585,-20.2865853658537,-3.69512195121951,-55.2926829268293
"460",18,2020-04-29,"New York",19.9183673469388,-50.1020408163265,-49.8843537414966,-14.108843537415,42.3469387755102,-49.9455782312925
"461",19,2020-05-06,"New York",19.3552631578947,-46.8815789473684,-48.0921052631579,-9.48026315789474,23.8355263157895,-48.8092105263158
"462",20,2020-05-13,"New York",21.1951219512195,-51.2682926829268,-44.9268292682927,-10.0975609756098,54.6585365853659,-45.2926829268293
"463",7,2020-02-12,"North Carolina",0.222222222222222,-2.72222222222222,4.64814814814815,-1.31481481481481,14.3518518518519,3.24074074074074
"464",8,2020-02-19,"North Carolina",2.69503546099291,-2.67375886524823,-1.63120567375887,-2.74468085106383,-1.70212765957447,-1.73049645390071
"465",9,2020-02-26,"North Carolina",-1.27906976744186,2.41085271317829,10.8294573643411,2.55038759689922,19.3100775193798,7.01550387596899
"466",10,2020-03-04,"North Carolina",-0.631147540983607,1.31147540983607,8.5655737704918,3.9344262295082,28.3524590163934,4.36065573770492
"467",11,2020-03-11,"North Carolina",1.79130434782609,-5.6695652173913,0.904347826086957,14.2695652173913,32.8521739130435,-4.39130434782609
"468",12,2020-03-18,"North Carolina",11.1623931623932,-27.6666666666667,-29.4786324786325,0.837606837606838,20.7350427350427,-25.1111111111111
"469",13,2020-03-25,"North Carolina",14.6825396825397,-37.7619047619048,-36.9523809523809,-10.9603174603175,16.2460317460317,-35.8095238095238
"470",14,2020-04-01,"North Carolina",16.45,-42.5285714285714,-40.0142857142857,-14.4571428571429,5.79285714285714,-38.7214285714286
"471",15,2020-04-08,"North Carolina",17.3203125,-47.7734375,-42.109375,-14.59375,5.328125,-42.2578125
"472",16,2020-04-15,"North Carolina",15.7698412698413,-42.0873015873016,-33.8412698412698,-12.1746031746032,7.3968253968254,-40.4920634920635
"473",17,2020-04-22,"North Carolina",15.5658914728682,-40.8914728682171,-33.1472868217054,-11.2868217054264,10.1472868217054,-37.6434108527132
"474",18,2020-04-29,"North Carolina",13.3951612903226,-39.4838709677419,-26.6612903225806,-5.19354838709677,20.3467741935484,-32.8548387096774
"475",19,2020-05-06,"North Carolina",12.7619047619048,-36.8650793650794,-24.0793650793651,-0.444444444444444,23.6349206349206,-28.2380952380952
"476",20,2020-05-13,"North Carolina",14.4838709677419,-39.1612903225806,-22.9677419354839,-3.12903225806452,29.3548387096774,-28.1612903225806
"477",7,2020-02-12,"North Dakota",0.714285714285714,-4.85714285714286,9.28571428571429,-3.57142857142857,6,8.14285714285714
"478",8,2020-02-19,"North Dakota",-0.125,2,4.8125,-1.6875,4.9375,11.6875
"479",9,2020-02-26,"North Dakota",-0.647058823529412,3.11764705882353,7.70588235294118,1.05882352941176,4.94117647058824,10.2352941176471
"480",10,2020-03-04,"North Dakota",-0.666666666666667,3.2,7.66666666666667,1.33333333333333,11.2666666666667,10.5333333333333
"481",11,2020-03-11,"North Dakota",2.35294117647059,-2.64705882352941,-0.235294117647059,14.9411764705882,-4.23529411764706,1.82352941176471
"482",12,2020-03-18,"North Dakota",13.2,-24.1,-35.35,6.25,-16.95,-18.3
"483",13,2020-03-25,"North Dakota",16.0714285714286,-31.0714285714286,-42.1428571428571,-10.1428571428571,12.2142857142857,-23.8571428571429
"484",14,2020-04-01,"North Dakota",19.4210526315789,-36.9473684210526,-49.2631578947368,-15.0526315789474,-20.8421052631579,-36.1052631578947
"485",15,2020-04-08,"North Dakota",18.5,-39.5,-47.7777777777778,-17.8333333333333,-10.3888888888889,-36.8888888888889
"486",16,2020-04-15,"North Dakota",18.5555555555556,-36.8888888888889,-41.4444444444444,-14.5555555555556,3.55555555555556,-30.2222222222222
"487",17,2020-04-22,"North Dakota",16.1818181818182,-36,-35.6363636363636,-10.5454545454545,28.6363636363636,-28.1818181818182
"488",18,2020-04-29,"North Dakota",13.1818181818182,-32.1818181818182,-25.5454545454545,-3.90909090909091,23.8181818181818,-21.0909090909091
"489",19,2020-05-06,"North Dakota",12.8333333333333,-28,-20,1.33333333333333,16.0833333333333,-21.5
"490",20,2020-05-13,"North Dakota",15.25,-32.5,-16.5,-3.25,-2,-16.75
"491",7,2020-02-12,"Ohio",1.23636363636364,-6.27272727272727,6.6,-0.0909090909090909,19.8181818181818,0.563636363636364
"492",8,2020-02-19,"Ohio",-0.299212598425197,2.60629921259843,3.7007874015748,0.543307086614173,26.6456692913386,3.76377952755906
"493",9,2020-02-26,"Ohio",-0.00769230769230769,1.10769230769231,7.6,3.13076923076923,11.6846153846154,5.11538461538461
"494",10,2020-03-04,"Ohio",-0.972477064220184,2.51376146788991,10.7981651376147,6.44036697247706,58.3302752293578,8.65137614678899
"495",11,2020-03-11,"Ohio",2.75438596491228,-4.78947368421053,-2.21052631578947,18.9298245614035,31.5350877192982,-2.09649122807018
"496",12,2020-03-18,"Ohio",12.9915254237288,-30.8050847457627,-34.6610169491525,2.52542372881356,26.1610169491525,-17.1779661016949
"497",13,2020-03-25,"Ohio",18.1203703703704,-44.3425925925926,-46.6481481481481,-19.9351851851852,48.2962962962963,-28.0277777777778
"498",14,2020-04-01,"Ohio",17.3009708737864,-45.3592233009709,-40.8834951456311,-11.2330097087379,62.3980582524272,-26.368932038835
"499",15,2020-04-08,"Ohio",18.4347826086957,-48.3304347826087,-44.9913043478261,-15.7130434782609,39.1478260869565,-30.095652173913
"500",16,2020-04-15,"Ohio",17.7606837606838,-44.1965811965812,-37.3589743589744,-12.2307692307692,38.965811965812,-28.7094017094017
"501",17,2020-04-22,"Ohio",16.0098039215686,-42.5098039215686,-35.0098039215686,-10.7156862745098,50.2352941176471,-26.6470588235294
"502",18,2020-04-29,"Ohio",14.2258064516129,-41.5161290322581,-28.6451612903226,-3.7741935483871,76.8494623655914,-20.4516129032258
"503",19,2020-05-06,"Ohio",14.4423076923077,-38.2884615384615,-28.7019230769231,-0.105769230769231,48.0576923076923,-19.4038461538462
"504",20,2020-05-13,"Ohio",14.3333333333333,-40.1481481481481,-20.0740740740741,0.37037037037037,101.37037037037,-13.2962962962963
"505",7,2020-02-12,"Oklahoma",1.6,-6.55,4.6,-0.3,21.75,2.3
"506",8,2020-02-19,"Oklahoma",0.244444444444444,0.777777777777778,2.44444444444444,-0.844444444444444,0.288888888888889,2.93333333333333
"507",9,2020-02-26,"Oklahoma",-1.70731707317073,2.75609756097561,14.6341463414634,7.75609756097561,30.1951219512195,10.4390243902439
"508",10,2020-03-04,"Oklahoma",-1.23076923076923,2.76923076923077,11.0769230769231,7.82051282051282,33,9.28205128205128
"509",11,2020-03-11,"Oklahoma",1.7,-4.7,3.55,14.4,3.375,3.925
"510",12,2020-03-18,"Oklahoma",10.3170731707317,-25.7560975609756,-23.7317073170732,5.1219512195122,-4.65853658536585,-9.75609756097561
"511",13,2020-03-25,"Oklahoma",13.2105263157895,-34.6578947368421,-32.5,-8.3421052631579,17.6315789473684,-18.4473684210526
"512",14,2020-04-01,"Oklahoma",15.390243902439,-39.1707317073171,-35.1219512195122,-5.63414634146341,-7.09756097560976,-23.6585365853659
"513",15,2020-04-08,"Oklahoma",15.0512820512821,-41.0769230769231,-36.1538461538462,-7.53846153846154,-1.02564102564103,-21.8205128205128
"514",16,2020-04-15,"Oklahoma",14.1219512195122,-37.3414634146341,-25.5609756097561,-5.21951219512195,10,-16.4390243902439
"515",17,2020-04-22,"Oklahoma",13.0540540540541,-35.8378378378378,-22.027027027027,-1.81081081081081,22.2162162162162,-10.1081081081081
"516",18,2020-04-29,"Oklahoma",9.22222222222222,-31.3611111111111,-11.3888888888889,8.27777777777778,32.7222222222222,-2.11111111111111
"517",19,2020-05-06,"Oklahoma",9.05263157894737,-28.7631578947368,-7.05263157894737,12.3157894736842,30.7368421052632,-2.68421052631579
"518",20,2020-05-13,"Oklahoma",11.4444444444444,-31.1111111111111,-6.88888888888889,6.33333333333333,4.33333333333333,-9.11111111111111
"519",7,2020-02-12,"Oregon",1.02702702702703,-8.91891891891892,6.40540540540541,0,29.5675675675676,-1.08108108108108
"520",8,2020-02-19,"Oregon",-0.866666666666667,1.94444444444444,4.81111111111111,2.37777777777778,34.2111111111111,3.55555555555556
"521",9,2020-02-26,"Oregon",-1.18888888888889,2.37777777777778,10.5,6,31.1222222222222,4.25555555555556
"522",10,2020-03-04,"Oregon",-0.362637362637363,1.40659340659341,7.82417582417582,7.31868131868132,30.9120879120879,2.03296703296703
"523",11,2020-03-11,"Oregon",2.61797752808989,-5.97752808988764,-1.59550561797753,12.1011235955056,27.7191011235955,-5.74157303370786
"524",12,2020-03-18,"Oregon",9.81818181818182,-29.75,-28.7272727272727,2.90909090909091,55.4772727272727,-21.1022727272727
"525",13,2020-03-25,"Oregon",15.9148936170213,-42.4255319148936,-45.1063829787234,-19.1382978723404,-11.0851063829787,-38.1702127659574
"526",14,2020-04-01,"Oregon",15.4239130434783,-43.1195652173913,-40,-11.5326086956522,1.79347826086957,-35.445652173913
"527",15,2020-04-08,"Oregon",14,-42.8913043478261,-38.4673913043478,-8.93478260869565,35.8260869565217,-33.6521739130435
"528",16,2020-04-15,"Oregon",13.6464646464646,-40.9191919191919,-30.3838383838384,-8.01010101010101,34.2323232323232,-33.5959595959596
"529",17,2020-04-22,"Oregon",13.96,-40.66,-32.45,-8.33,19.83,-33.35
"530",18,2020-04-29,"Oregon",11.3645833333333,-38.84375,-26.1875,-1.57291666666667,30.25,-28.4583333333333
"531",19,2020-05-06,"Oregon",10.5869565217391,-36.1739130434783,-23.4347826086957,5.90217391304348,57.4673913043478,-23.5217391304348
"532",20,2020-05-13,"Oregon",13.6896551724138,-39.2758620689655,-24.9310344827586,-0.448275862068966,12.3448275862069,-26.4827586206897
"533",7,2020-02-12,"Pennsylvania",1.38571428571429,-5.91428571428571,7.58571428571429,0.985714285714286,28.6428571428571,1.55714285714286
"534",8,2020-02-19,"Pennsylvania",-0.1875,2.6375,3.18125,0.79375,34,3.00625
"535",9,2020-02-26,"Pennsylvania",-0.296969696969697,2.41212121212121,6.92727272727273,2.28484848484848,10.1515151515152,4.18787878787879
"536",10,2020-03-04,"Pennsylvania",-0.490322580645161,1.75483870967742,8.38709677419355,5.41935483870968,47.0903225806452,6
"537",11,2020-03-11,"Pennsylvania",2.72327044025157,-5.60377358490566,0.515723270440252,14.3710691823899,39.3459119496855,-4.52201257861635
"538",12,2020-03-18,"Pennsylvania",15.4465408805031,-36.7106918238994,-40.8930817610063,-8.34591194968553,15.4779874213836,-35.0691823899371
"539",13,2020-03-25,"Pennsylvania",19.7721518987342,-47.2025316455696,-49.5253164556962,-24.3037974683544,5.72784810126582,-45.3607594936709
"540",14,2020-04-01,"Pennsylvania",19.9935483870968,-48.7935483870968,-47.3096774193548,-21.0129032258065,20.6838709677419,-45.258064516129
"541",15,2020-04-08,"Pennsylvania",21.1363636363636,-52.7077922077922,-50.8311688311688,-23.6558441558442,9.83766233766234,-48.9805194805195
"542",16,2020-04-15,"Pennsylvania",19.8246753246753,-47.5974025974026,-44.0844155844156,-18.4805194805195,15.5324675324675,-43.7662337662338
"543",17,2020-04-22,"Pennsylvania",19.6733333333333,-47.0333333333333,-44.44,-19.4466666666667,1.39333333333333,-44.4866666666667
"544",18,2020-04-29,"Pennsylvania",16.9338235294118,-44.9117647058824,-36.8308823529412,-11.6691176470588,45.7352941176471,-39.0808823529412
"545",19,2020-05-06,"Pennsylvania",16.6052631578947,-41.1973684210526,-35.3815789473684,-7.63157894736842,22.3486842105263,-36.4802631578947
"546",20,2020-05-13,"Pennsylvania",16.9545454545455,-44.3863636363636,-30.25,-5.79545454545455,68.8863636363636,-31.5
"547",7,2020-02-12,"Rhode Island",1.5,-7.75,6.125,-3.75,23.5,-1.625
"548",8,2020-02-19,"Rhode Island",0.653846153846154,-2.65384615384615,4.92307692307692,-4.15384615384615,32.5,-0.423076923076923
"549",9,2020-02-26,"Rhode Island",-0.464285714285714,2.78571428571429,8.14285714285714,-1.07142857142857,12.1428571428571,1.78571428571429
"550",10,2020-03-04,"Rhode Island",-0.521739130434783,2.26086956521739,8.30434782608696,0.260869565217391,49,-1.04347826086957
"551",11,2020-03-11,"Rhode Island",3.07407407407407,-5.25925925925926,-0.0740740740740741,17,45.1481481481481,-14.4074074074074
"552",12,2020-03-18,"Rhode Island",15.3846153846154,-33.9230769230769,-35.8461538461538,-3.23076923076923,25.7692307692308,-44.6153846153846
"553",13,2020-03-25,"Rhode Island",18.625,-43.625,-44.0833333333333,-19.75,36.5416666666667,-53.5833333333333
"554",14,2020-04-01,"Rhode Island",20.2068965517241,-47.0689655172414,-44.8620689655172,-18.7931034482759,14.8275862068966,-54.6896551724138
"555",15,2020-04-08,"Rhode Island",21.551724137931,-51.0689655172414,-48.2068965517241,-22.5172413793103,-1.86206896551724,-60.6896551724138
"556",16,2020-04-15,"Rhode Island",19.9,-47.4666666666667,-39.3,-18.6333333333333,21,-58.3
"557",17,2020-04-22,"Rhode Island",20.5,-47.6333333333333,-41.3,-21.0333333333333,-4.1,-61.7
"558",18,2020-04-29,"Rhode Island",17.8518518518519,-45.7037037037037,-32.8148148148148,-13.7777777777778,45.8148148148148,-50.4814814814815
"559",19,2020-05-06,"Rhode Island",16.9642857142857,-42.2857142857143,-30.3571428571429,-9.28571428571429,37.5,-48.9642857142857
"560",20,2020-05-13,"Rhode Island",16.8,-44.3,-25,-8.4,76.8,-43.4
"561",7,2020-02-12,"South Carolina",0.789473684210526,-5,5.15789473684211,0.789473684210526,12.4736842105263,5.23684210526316
"562",8,2020-02-19,"South Carolina",1.07608695652174,1.06521739130435,-0.0869565217391304,-1.48913043478261,-3.26086956521739,4.06521739130435
"563",9,2020-02-26,"South Carolina",-1.14772727272727,2.31818181818182,11.0681818181818,4.36363636363636,15.2045454545455,12.5
"564",10,2020-03-04,"South Carolina",-0.181818181818182,1.47727272727273,7.96590909090909,4.54545454545455,19.7159090909091,10.3409090909091
"565",11,2020-03-11,"South Carolina",0.494252873563218,-1.88505747126437,6.45977011494253,17.1724137931034,35.3333333333333,6.94252873563218
"566",12,2020-03-18,"South Carolina",9.93333333333333,-23.9777777777778,-25.3777777777778,5.35555555555556,11.6444444444444,-17.0222222222222
"567",13,2020-03-25,"South Carolina",13.6590909090909,-35.0681818181818,-33.4545454545455,-7.71590909090909,2.42045454545455,-29.5
"568",14,2020-04-01,"South Carolina",14.9333333333333,-40.4444444444444,-35.1777777777778,-6.28888888888889,-14,-32.7444444444444
"569",15,2020-04-08,"South Carolina",16.6483516483516,-45.7582417582418,-42.3736263736264,-13.1428571428571,-21.4615384615385,-38.0549450549451
"570",16,2020-04-15,"South Carolina",14.9340659340659,-40.0879120879121,-31.5164835164835,-9.01098901098901,-16.6153846153846,-30.956043956044
"571",17,2020-04-22,"South Carolina",14.4659090909091,-38.7159090909091,-28.75,-6.375,-7.32954545454545,-26.0909090909091
"572",18,2020-04-29,"South Carolina",11.8095238095238,-36.3809523809524,-20.452380952381,-0.297619047619048,9.38095238095238,-22.452380952381
"573",19,2020-05-06,"South Carolina",11.0722891566265,-33.2530120481928,-15.6506024096386,5.56626506024096,13.7590361445783,-18.3132530120482
"574",20,2020-05-13,"South Carolina",12.3333333333333,-33.6296296296296,-11.6296296296296,1.25925925925926,20.3703703703704,-13
"575",7,2020-02-12,"South Dakota",1.22222222222222,-7.66666666666667,9.66666666666667,6.11111111111111,9,0.888888888888889
"576",8,2020-02-19,"South Dakota",-0.19047619047619,2.23809523809524,0.142857142857143,6.14285714285714,13.8571428571429,4.28571428571429
"577",9,2020-02-26,"South Dakota",-0.428571428571429,0.904761904761905,8.19047619047619,16.7142857142857,9.33333333333333,8.42857142857143
"578",10,2020-03-04,"South Dakota",-1.38095238095238,2.61904761904762,10.5238095238095,12.7142857142857,47.6190476190476,10.6190476190476
"579",11,2020-03-11,"South Dakota",2.76190476190476,-4.04761904761905,-2.71428571428571,22,12.6666666666667,1.57142857142857
"580",12,2020-03-18,"South Dakota",10.5238095238095,-20.5238095238095,-24.047619047619,11,17.5238095238095,-11.4285714285714
"581",13,2020-03-25,"South Dakota",14.047619047619,-28.7619047619048,-36.9047619047619,-3.19047619047619,39.7619047619048,-23.0952380952381
"582",14,2020-04-01,"South Dakota",15.9047619047619,-34.4761904761905,-39.1904761904762,-4.19047619047619,33.3333333333333,-26.5714285714286
"583",15,2020-04-08,"South Dakota",16.4285714285714,-39.1904761904762,-43.9523809523809,-9.19047619047619,20.9047619047619,-31.2857142857143
"584",16,2020-04-15,"South Dakota",15.9047619047619,-35.5238095238095,-35.6190476190476,-5.85714285714286,31.8095238095238,-25.8095238095238
"585",17,2020-04-22,"South Dakota",13.95,-35.4,-27.95,0.9,104.15,-17.45
"586",18,2020-04-29,"South Dakota",11.1904761904762,-32.1428571428571,-19.6666666666667,6.66666666666667,107.857142857143,-12.3333333333333
"587",19,2020-05-06,"South Dakota",11.8571428571429,-28.7142857142857,-16,12.1904761904762,74.3333333333333,-11.952380952381
"588",20,2020-05-13,"South Dakota",13.6666666666667,-32,-15.3333333333333,8.33333333333333,68.8333333333333,-8.5
"589",7,2020-02-12,"Tennessee",0.722222222222222,-4.58333333333333,6.16666666666667,1.5,41.1388888888889,1
"590",8,2020-02-19,"Tennessee",0.56989247311828,2.01075268817204,-0.161290322580645,-1.44086021505376,3.53763440860215,2.04301075268817
"591",9,2020-02-26,"Tennessee",-1.12048192771084,2.90361445783133,10.1807228915663,5.59036144578313,20.3734939759036,7.74698795180723
"592",10,2020-03-04,"Tennessee",-0.697368421052632,-0.460526315789474,9.63157894736842,9.13157894736842,48.8421052631579,9.10526315789474
"593",11,2020-03-11,"Tennessee",2.43023255813953,-6.34883720930233,-0.511627906976744,17.2441860465116,17.1279069767442,0.86046511627907
"594",12,2020-03-18,"Tennessee",11.2674418604651,-27.5813953488372,-27.0348837209302,6.80232558139535,-0.406976744186047,-17.546511627907
"595",13,2020-03-25,"Tennessee",15.4189189189189,-39.8783783783784,-36.2702702702703,-9.5,21.1351351351351,-28.8783783783784
"596",14,2020-04-01,"Tennessee",16.3647058823529,-43.5529411764706,-38.4117647058824,-8.14117647058823,2.55294117647059,-34.0588235294118
"597",15,2020-04-08,"Tennessee",17.2435897435897,-47.7435897435897,-41.2307692307692,-12.0512820512821,-7.16666666666667,-37.3717948717949
"598",16,2020-04-15,"Tennessee",15.0361445783133,-41.7469879518072,-30.7228915662651,-8.49397590361446,3.1566265060241,-31.0481927710843
"599",17,2020-04-22,"Tennessee",15.3294117647059,-41.0117647058824,-30.5764705882353,-9.49411764705882,-3.18823529411765,-30.0117647058824
"600",18,2020-04-29,"Tennessee",12.012987012987,-37.961038961039,-19.9220779220779,-2.05194805194805,21.9350649350649,-20.4025974025974
"601",19,2020-05-06,"Tennessee",11.7654320987654,-34.6172839506173,-14.7283950617284,3.79012345679012,21.2839506172839,-17.2222222222222
"602",20,2020-05-13,"Tennessee",14.5789473684211,-38.8947368421053,-14.0526315789474,-0.0526315789473684,11.2105263157895,-15.8421052631579
"603",7,2020-02-12,"Texas",0.446601941747573,-4.88349514563107,6.79611650485437,2.53398058252427,22.3300970873786,4.02912621359223
"604",8,2020-02-19,"Texas",0.0163265306122449,1.93469387755102,1.99591836734694,-0.53469387755102,-0.759183673469388,2.71428571428571
"605",9,2020-02-26,"Texas",-1.82426778242678,2.86192468619247,12.2426778242678,5.96234309623431,19.0543933054393,8.22175732217573
"606",10,2020-03-04,"Texas",-0.906382978723404,0.476595744680851,9.40851063829787,6.1063829787234,18.8255319148936,8.42127659574468
"607",11,2020-03-11,"Texas",2.38396624472574,-10.4303797468354,3.9873417721519,17.2784810126582,24.5864978902954,3.91139240506329
"608",12,2020-03-18,"Texas",12.5238095238095,-28.547619047619,-26.3571428571429,4.95634920634921,-11.202380952381,-17.8968253968254
"609",13,2020-03-25,"Texas",17.368,-39.436,-39.836,-15.424,-13.004,-31.764
"610",14,2020-04-01,"Texas",18.94921875,-43.03515625,-41.70703125,-16.96484375,-28.296875,-36.44140625
"611",15,2020-04-08,"Texas",19.0239043824701,-45.8167330677291,-42.0318725099602,-19.00796812749,-23.6892430278884,-36.7450199203187
"612",16,2020-04-15,"Texas",17.6758893280632,-40.9881422924901,-34.304347826087,-15.9762845849802,-19.1541501976285,-32.8379446640316
"613",17,2020-04-22,"Texas",16.7083333333333,-40.6,-31.2541666666667,-12.7,-2.54166666666667,-28.1125
"614",18,2020-04-29,"Texas",14.1,-37.725,-24.4166666666667,-6.92916666666667,4.15,-22.7875
"615",19,2020-05-06,"Texas",13.2575107296137,-34.4892703862661,-19.3605150214592,-1.2618025751073,11.4163090128755,-20.7038626609442
"616",20,2020-05-13,"Texas",15.6376811594203,-38.2608695652174,-17.0434782608696,-4.66666666666667,9.68115942028986,-20.5942028985507
"617",7,2020-02-12,"Utah",2.33333333333333,-15.3333333333333,12.047619047619,7.95238095238095,28.0952380952381,-2.33333333333333
"618",8,2020-02-19,"Utah",-0.166666666666667,1.59259259259259,4.53703703703704,8.11111111111111,20.3703703703704,2.03703703703704
"619",9,2020-02-26,"Utah",-0.867924528301887,2,7.26415094339623,12.9056603773585,24.6981132075472,4.30188679245283
"620",10,2020-03-04,"Utah",-0.519230769230769,0.75,7.73076923076923,15.1538461538462,45.0384615384615,4.26923076923077
"621",11,2020-03-11,"Utah",2.24,-6.12,0.44,28.92,48.42,-0.62
"622",12,2020-03-18,"Utah",12.5434782608696,-32.0869565217391,-27.9782608695652,10.7826086956522,47.5217391304348,-17.1304347826087
"623",13,2020-03-25,"Utah",15.6041666666667,-39.1666666666667,-35.1458333333333,-6.39583333333333,20.4166666666667,-25.6041666666667
"624",14,2020-04-01,"Utah",16.8125,-44.5,-36.3958333333333,-8.29166666666667,32.9375,-27.6666666666667
"625",15,2020-04-08,"Utah",16.4,-45.7333333333333,-37.4888888888889,-8.48888888888889,45.7111111111111,-30.5777777777778
"626",16,2020-04-15,"Utah",15.9787234042553,-42.4468085106383,-29.9148936170213,-8.70212765957447,42.2765957446809,-27.5744680851064
"627",17,2020-04-22,"Utah",14.6046511627907,-41.6046511627907,-26.906976744186,-5.72093023255814,73.8139534883721,-25.4418604651163
"628",18,2020-04-29,"Utah",11.6829268292683,-39.3170731707317,-21.5853658536585,-4.65853658536585,85.3170731707317,-21.8780487804878
"629",19,2020-05-06,"Utah",11.1025641025641,-36.2051282051282,-14.8717948717949,5.76923076923077,93,-20.7179487179487
"630",20,2020-05-13,"Utah",13.8333333333333,-40.5833333333333,-13.8333333333333,3.58333333333333,86.4166666666667,-22.4166666666667
"631",7,2020-02-12,"Vermont",0.666666666666667,-5,16,9.5,24.8333333333333,3.5
"632",8,2020-02-19,"Vermont",0.357142857142857,-0.5,4.21428571428571,2.07142857142857,17.6428571428571,4.5
"633",9,2020-02-26,"Vermont",1.07142857142857,-5.85714285714286,3.5,0.0714285714285714,0.785714285714286,2.57142857142857
"634",10,2020-03-04,"Vermont",-0.142857142857143,0,7.5,5.42857142857143,29.3571428571429,8.14285714285714
"635",11,2020-03-11,"Vermont",3.14285714285714,-5.42857142857143,-3.57142857142857,7.5,7.92857142857143,-11.0714285714286
"636",12,2020-03-18,"Vermont",15.1428571428571,-36.2857142857143,-39.3571428571429,-20.5,11.5,-35.2142857142857
"637",13,2020-03-25,"Vermont",21,-52.0714285714286,-53,-37.2142857142857,-1.35714285714286,-50.5
"638",14,2020-04-01,"Vermont",21.7142857142857,-55.4285714285714,-53.8571428571429,-37.1428571428571,14.5714285714286,-58.2142857142857
"639",15,2020-04-08,"Vermont",23.1538461538462,-57.6923076923077,-55.9230769230769,-37.2307692307692,-4.23076923076923,-62.6153846153846
"640",16,2020-04-15,"Vermont",20.7142857142857,-53.9285714285714,-50.7142857142857,-31.7857142857143,25.9285714285714,-60.4285714285714
"641",17,2020-04-22,"Vermont",20.2142857142857,-52.7857142857143,-48.7857142857143,-30,19.6428571428571,-58.5714285714286
"642",18,2020-04-29,"Vermont",17.3571428571429,-49.9285714285714,-42.5714285714286,-24.8571428571429,59.1428571428571,-53.1428571428571
"643",19,2020-05-06,"Vermont",17.7857142857143,-48.1428571428571,-41.2857142857143,-21.7142857142857,36.9285714285714,-53.9285714285714
"644",20,2020-05-13,"Vermont",19.75,-51.5,-36.5,-20.25,82.5,-44.25
"645",7,2020-02-12,"Virginia",1.92452830188679,-10.0377358490566,5.07547169811321,0.433962264150943,13.8679245283019,-2.50943396226415
"646",8,2020-02-19,"Virginia",0.658536585365854,0.934959349593496,0.479674796747967,0.357723577235772,9.78861788617886,0.422764227642276
"647",9,2020-02-26,"Virginia",-0.75609756097561,2.38211382113821,6.86991869918699,4.30081300813008,5.89430894308943,2.97560975609756
"648",10,2020-03-04,"Virginia",-0.403361344537815,0.521008403361345,6.85714285714286,6.35294117647059,30.2436974789916,2.46218487394958
"649",11,2020-03-11,"Virginia",3.275,-7.55,-2,12.525,22.0583333333333,-8.10833333333333
"650",12,2020-03-18,"Virginia",14.6880733944954,-35.1467889908257,-30.4036697247706,-2.61467889908257,21.743119266055,-35.4128440366973
"651",13,2020-03-25,"Virginia",18.1621621621622,-43.981981981982,-39.4594594594595,-13.3963963963964,20.7837837837838,-42.7297297297297
"652",14,2020-04-01,"Virginia",19.8070175438597,-47.6052631578947,-42.2894736842105,-15.5438596491228,-0.236842105263158,-46.5175438596491
"653",15,2020-04-08,"Virginia",20.5803571428571,-50.7767857142857,-44.3839285714286,-17.6875,5.9375,-47.2321428571429
"654",16,2020-04-15,"Virginia",19.7567567567568,-47.6126126126126,-38.981981981982,-14.8108108108108,2.34234234234234,-44.4504504504505
"655",17,2020-04-22,"Virginia",19.8207547169811,-47.8207547169811,-38.688679245283,-15.2264150943396,2.16037735849057,-44.0377358490566
"656",18,2020-04-29,"Virginia",17.9029126213592,-47.1844660194175,-33.9417475728155,-10.6019417475728,20.3009708737864,-39.0194174757282
"657",19,2020-05-06,"Virginia",17.2477876106195,-44.1150442477876,-33.0176991150442,-7.00884955752212,10.8053097345133,-38.3362831858407
"658",20,2020-05-13,"Virginia",19.6896551724138,-49.4827586206897,-31.1724137931034,-7.31034482758621,41.0344827586207,-39.6551724137931
"659",7,2020-02-12,"Washington",1.72549019607843,-13.9607843137255,11.8823529411765,2.05882352941176,39.843137254902,8.62745098039216
"660",8,2020-02-19,"Washington",-0.643410852713178,0.922480620155039,5.62790697674419,2.1937984496124,38.9302325581395,10.2403100775194
"661",9,2020-02-26,"Washington",-1.25,2.28787878787879,10.5454545454545,6.25,32.5378787878788,10
"662",10,2020-03-04,"Washington",0.251908396946565,-0.900763358778626,6.45801526717557,7.58015267175572,35.4961832061069,5.31297709923664
"663",11,2020-03-11,"Washington",3.36764705882353,-7.82352941176471,-2.50735294117647,15.4264705882353,28.0367647058824,-5.29411764705882
"664",12,2020-03-18,"Washington",11.2125984251969,-32.0393700787402,-29.9212598425197,1.81889763779528,64.6062992125984,-18.7086614173228
"665",13,2020-03-25,"Washington",17.2578125,-45.1484375,-44.2265625,-18.6171875,-9.484375,-39.78125
"666",14,2020-04-01,"Washington",17.3875968992248,-48.1395348837209,-39.5891472868217,-13.6976744186047,5.88372093023256,-38.922480620155
"667",15,2020-04-08,"Washington",16.4724409448819,-48.3307086614173,-38.6850393700787,-11.1968503937008,33.2677165354331,-34.9606299212598
"668",16,2020-04-15,"Washington",15.7606837606838,-45.017094017094,-31.8119658119658,-9.81196581196581,36.1111111111111,-34.4444444444444
"669",17,2020-04-22,"Washington",15.8220338983051,-44.1864406779661,-32.4491525423729,-9.39830508474576,17.3728813559322,-35.3220338983051
"670",18,2020-04-29,"Washington",13.017094017094,-41.6752136752137,-26.7179487179487,-3.21367521367521,29.5299145299145,-29.3418803418803
"671",19,2020-05-06,"Washington",12.1090909090909,-39.2818181818182,-23.7545454545455,4.76363636363636,85.0090909090909,-20.8909090909091
"672",20,2020-05-13,"Washington",15.1935483870968,-42.6129032258064,-25.4838709677419,-1.51612903225806,45.6774193548387,-28.1290322580645
"673",7,2020-02-12,"West Virginia",1.22222222222222,-4.55555555555556,6.22222222222222,1,9.22222222222222,-1.22222222222222
"674",8,2020-02-19,"West Virginia",0.208333333333333,1.91666666666667,3.16666666666667,1.16666666666667,10.2083333333333,1.25
"675",9,2020-02-26,"West Virginia",0.08,0.6,9.48,8.08,5.92,3.44
"676",10,2020-03-04,"West Virginia",-0.590909090909091,1.72727272727273,9.86363636363636,7.90909090909091,25.7727272727273,7.59090909090909
"677",11,2020-03-11,"West Virginia",1.96,-6.04,1.64,15.72,6.24,2.28
"678",12,2020-03-18,"West Virginia",11.36,-29.28,-30.4,4.24,-12.16,-17.8
"679",13,2020-03-25,"West Virginia",16.28,-43.72,-44.52,-19.08,-4.4,-32.96
"680",14,2020-04-01,"West Virginia",16.12,-45.12,-40.36,-10.6,-10.04,-30.72
"681",15,2020-04-08,"West Virginia",17.4,-47.4,-44.8,-17.92,-26.08,-40.76
"682",16,2020-04-15,"West Virginia",15.75,-44.3333333333333,-37.25,-15.125,-16.6666666666667,-33.1666666666667
"683",17,2020-04-22,"West Virginia",15.8461538461538,-43.8076923076923,-36.1538461538462,-14.5384615384615,-18.6538461538462,-30.0769230769231
"684",18,2020-04-29,"West Virginia",12.8,-41.16,-27.12,-5.44,-5.12,-18.16
"685",19,2020-05-06,"West Virginia",13.4137931034483,-37.6206896551724,-26,-1.31034482758621,-19.2413793103448,-20.8275862068966
"686",20,2020-05-13,"West Virginia",12.5714285714286,-40.4285714285714,-17.7142857142857,2.14285714285714,8.71428571428571,-14.5714285714286
"687",7,2020-02-12,"Wisconsin",0.361111111111111,-0.222222222222222,4.05555555555556,2.63888888888889,1.86111111111111,-3.72222222222222
"688",8,2020-02-19,"Wisconsin",-0.395348837209302,2.31395348837209,4.08139534883721,2.83720930232558,10.6744186046512,1.16279069767442
"689",9,2020-02-26,"Wisconsin",-0.701149425287356,2.71264367816092,7.72413793103448,3.64367816091954,12.8735632183908,2.50574712643678
"690",10,2020-03-04,"Wisconsin",-0.426829268292683,2.6219512195122,7.70731707317073,5.09756097560976,25.2317073170732,4.10975609756098
"691",11,2020-03-11,"Wisconsin",2.05952380952381,-1.46428571428571,-0.285714285714286,17.4285714285714,12.8095238095238,-3.22619047619048
"692",12,2020-03-18,"Wisconsin",14.2588235294118,-29.3176470588235,-40.2941176470588,-2.61176470588235,8.58823529411765,-27.6
"693",13,2020-03-25,"Wisconsin",19.0722891566265,-41.289156626506,-52.6626506024096,-24.6746987951807,15.5180722891566,-41.7590361445783
"694",14,2020-04-01,"Wisconsin",18.7,-42.8375,-47.9875,-18.175,57.275,-33.0875
"695",15,2020-04-08,"Wisconsin",19.3456790123457,-46.037037037037,-49.358024691358,-17.7037037037037,36.6666666666667,-36.6049382716049
"696",16,2020-04-15,"Wisconsin",18.4615384615385,-41.6410256410256,-42.0641025641026,-15.9230769230769,43.3076923076923,-34.7948717948718
"697",17,2020-04-22,"Wisconsin",17.9210526315789,-41.2631578947368,-41.3026315789474,-14.6710526315789,48.1842105263158,-34.7894736842105
"698",18,2020-04-29,"Wisconsin",15.9230769230769,-41.1230769230769,-37.2307692307692,-8.67692307692308,68.0769230769231,-32.1538461538462
"699",19,2020-05-06,"Wisconsin",15.390625,-38.078125,-35.296875,-1.765625,59.1875,-30.296875
"700",20,2020-05-13,"Wisconsin",17.4117647058824,-42.5294117647059,-31.5294117647059,-4.64705882352941,100.764705882353,-28.8235294117647
"701",7,2020-02-12,"Wyoming",2.22222222222222,-9.55555555555556,3.88888888888889,0,-2.44444444444444,4.22222222222222
"702",8,2020-02-19,"Wyoming",-0.0952380952380952,2.9047619047619,2.47619047619048,3.14285714285714,8.61904761904762,4.61904761904762
"703",9,2020-02-26,"Wyoming",-0.0476190476190476,2.23809523809524,6,7.42857142857143,1.61904761904762,3.66666666666667
"704",10,2020-03-04,"Wyoming",-1.2,3.9,10.05,14.4,26.95,7.25
"705",11,2020-03-11,"Wyoming",1.52380952380952,-2.71428571428571,0.857142857142857,24.7142857142857,4.90476190476191,0.19047619047619
"706",12,2020-03-18,"Wyoming",10.65,-25.45,-28.2,9.45,7.1,-10.65
"707",13,2020-03-25,"Wyoming",13.8421052631579,-33.8421052631579,-36.3157894736842,-7.84210526315789,11.6315789473684,-16.1052631578947
"708",14,2020-04-01,"Wyoming",14.7,-36.2,-36.35,-7.2,9.25,-18.25
"709",15,2020-04-08,"Wyoming",14.7,-38.3,-37.6,-8.75,17.6,-21.2
"710",16,2020-04-15,"Wyoming",15,-34.3157894736842,-32.3157894736842,-10.7894736842105,-1,-20.4210526315789
"711",17,2020-04-22,"Wyoming",12.7,-32.9,-25.15,-5.2,47.85,-15.15
"712",18,2020-04-29,"Wyoming",10.15,-30.5,-19.3,0.35,58.75,-9.05
"713",19,2020-05-06,"Wyoming",9.73684210526316,-26.3157894736842,-15.7368421052632,7.42105263157895,48.5263157894737,-6.73684210526316
"714",20,2020-05-13,"Wyoming",11.1666666666667,-29,-12.8333333333333,6.5,47.5,-6
